ip,bw,roa,rov
178.218.144.18,18000,1,0
162.247.74.201,52000,0,1
198.98.61.11,47000,1,0
95.111.230.178,9400,1,1
195.15.242.99,11000,1,0
185.220.101.33,38000,1,1
51.15.75.120,23000,0,1
109.241.214.64,4700,1,0
104.244.79.75,30000,1,0
174.128.250.165,9100,0,0
158.174.145.139,16000,0,0
2.59.235.35,10000,1,0
45.134.225.36,24000,1,0
89.236.112.100,17000,1,0
107.155.81.178,41000,1,0
5.9.56.249,90000,1,0
199.249.230.144,12000,1,1
116.203.50.182,11000,1,0
51.222.31.141,32000,1,0
199.249.230.174,17000,1,1
131.153.152.170,25000,1,0
81.169.180.28,15000,1,1
51.158.146.93,15000,0,1
185.195.71.244,32000,1,1
134.209.159.74,1000,1,0
45.129.182.225,37000,1,1
78.142.18.219,25000,0,0
51.89.153.112,92000,1,0
45.14.233.149,36000,1,0
142.44.243.133,12000,1,0
144.217.90.215,17000,1,0
45.136.244.187,16000,0,0
149.56.233.142,50000,1,0
89.58.34.53,17000,1,1
109.207.77.201,4200,1,0
95.216.20.80,64000,1,0
185.146.232.243,8000,1,0
45.141.153.214,58000,0,1
45.158.77.29,28000,1,0
79.45.233.44,12000,0,0
109.248.251.94,23000,1,0
185.220.102.244,36000,1,1
185.44.81.21,22000,1,0
5.2.79.190,1900,1,1
89.58.60.208,16000,1,1
45.92.33.62,42000,0,1
5.9.122.206,6000,1,0
178.170.10.39,6700,1,0
209.141.37.94,2300,1,0
98.116.189.219,5100,1,0
77.91.86.95,29000,0,0
172.107.202.142,64000,0,0
193.189.100.202,40000,1,0
209.58.180.236,3100,0,0
5.154.174.241,15000,1,1
37.120.171.188,17000,1,1
185.220.101.78,24000,1,1
185.243.218.89,30000,1,0
82.221.131.71,7100,1,0
45.138.228.251,23000,1,0
2.58.56.114,46000,1,0
185.220.103.114,32000,1,1
89.58.38.151,14000,1,1
46.148.26.44,7900,1,0
163.172.76.56,19000,0,1
85.215.91.150,12000,1,1
185.163.45.212,6500,1,0
185.104.194.129,4800,1,1
164.132.207.62,28000,1,0
136.243.3.194,73000,0,0
93.234.0.148,2400,1,0
109.207.77.145,3700,1,0
158.69.204.36,6500,1,0
207.244.78.230,140000,0,0
199.249.230.79,3900,1,1
66.175.235.244,21000,1,1
77.109.152.11,80000,1,0
95.216.22.87,45000,1,0
198.251.88.142,20000,1,0
185.229.90.81,24000,1,0
95.217.62.4,22000,1,0
185.220.101.51,41000,1,1
192.42.116.17,20000,0,1
81.169.237.83,36000,1,1
85.214.49.28,43000,1,1
193.218.118.180,7100,1,0
51.158.187.110,25000,0,1
91.132.145.129,13000,1,1
207.244.238.230,6800,0,0
85.239.34.24,11000,1,0
46.22.212.230,18000,1,0
213.175.95.220,12000,1,0
178.254.44.163,36000,0,0
80.13.139.249,17000,1,1
150.230.20.28,29000,0,1
205.185.113.66,6300,1,0
178.20.55.16,36000,1,1
185.196.21.125,4500,1,1
121.50.43.135,1400,0,1
144.76.86.5,51000,0,0
85.93.218.204,11000,0,0
135.125.250.251,9500,1,0
163.172.184.32,30000,0,1
85.146.92.119,13000,1,0
77.68.94.106,32000,1,1
94.23.247.42,33000,1,0
23.82.136.14,17000,0,1
93.90.194.106,30000,1,1
81.16.19.39,3200,1,1
5.183.170.183,7600,1,0
93.99.255.254,30000,1,0
185.129.62.63,54000,1,0
185.177.151.42,4600,0,0
45.145.164.70,26000,1,0
45.138.16.94,26000,1,0
78.138.98.42,49000,1,0
80.66.135.123,25000,0,1
185.56.171.94,16000,0,0
185.195.24.92,8000,1,0
212.227.165.251,16000,1,1
68.171.179.124,5600,1,1
207.246.71.148,2700,1,1
195.123.212.113,2300,1,0
195.176.3.20,28000,1,0
45.140.143.104,51000,1,0
2.56.98.134,11000,1,1
51.15.182.104,17000,0,1
89.58.5.0,30000,1,1
54.39.234.91,6700,1,0
151.115.79.119,34000,0,1
185.207.107.98,31000,1,1
5.9.14.30,31000,1,0
31.14.252.98,25000,0,1
93.95.231.110,14000,0,0
199.195.250.165,33000,0,0
139.162.123.5,1900,0,1
109.228.53.235,20000,1,1
74.208.182.78,11000,1,1
89.58.33.214,13000,1,1
91.229.239.83,8700,0,0
107.189.8.133,28000,1,0
104.237.152.224,3800,1,1
208.1.62.240,3200,0,1
185.82.127.135,20000,0,0
185.163.45.253,5200,1,0
46.226.105.119,3700,1,1
98.115.87.163,8700,1,0
51.89.106.29,72000,1,0
185.198.26.149,3700,0,0
83.0.60.229,4800,1,0
104.168.32.140,12000,1,0
63.227.116.162,8000,0,1
185.220.102.242,42000,1,1
144.172.118.45,2600,0,0
130.61.125.241,4300,0,1
45.61.184.227,12000,1,0
78.111.104.187,7700,1,1
193.142.146.239,34000,1,0
23.137.249.209,28000,1,0
5.252.178.224,5900,1,0
164.132.226.30,6200,1,0
5.9.14.25,42000,1,0
135.125.235.11,28000,1,0
103.214.6.12,8900,0,0
107.189.4.23,17000,1,0
107.189.12.251,28000,1,0
95.216.27.105,4700,1,0
65.108.253.128,14000,1,0
188.138.75.101,28000,1,0
116.202.169.25,43000,1,0
141.145.206.8,4400,0,1
2.58.56.88,28000,1,0
162.247.74.216,45000,0,1
152.86.13.25,3500,0,0
193.108.117.125,35000,1,1
138.59.18.106,2200,1,0
87.118.116.90,5700,1,0
178.254.44.176,26000,0,0
174.162.181.9,1500,1,0
192.119.108.114,35000,0,0
5.200.21.144,13000,1,0
185.220.103.112,31000,1,1
95.216.13.120,77000,1,0
65.108.3.114,39000,1,0
81.7.18.7,13000,1,0
38.154.239.250,81000,0,0
91.47.46.64,1900,1,0
89.212.41.199,3700,1,0
5.75.249.160,8100,1,0
185.239.222.241,18000,0,0
51.38.110.234,25000,1,0
198.251.84.99,16000,1,0
37.120.165.175,1600,1,1
107.189.8.56,20000,1,0
213.163.70.234,23000,1,0
217.160.101.137,20000,1,1
185.225.17.105,4900,1,0
78.31.64.240,6500,1,1
65.39.97.13,6800,0,0
51.68.152.77,25000,1,0
51.254.96.208,14000,1,0
195.176.3.20,17000,1,0
74.208.142.142,7900,1,1
45.92.33.62,20000,0,1
2.58.56.106,12000,1,0
51.158.230.172,25000,0,1
171.25.193.20,17000,0,0
69.46.10.138,7500,1,0
185.163.46.83,6800,1,0
141.255.161.167,4300,0,1
85.204.116.239,6900,1,0
185.112.147.10,12000,0,0
107.189.12.88,4000,1,0
103.251.167.20,33000,1,1
162.55.58.248,5600,1,0
5.189.134.99,10000,1,1
107.189.4.23,18000,1,0
104.152.209.217,9200,0,0
83.99.154.203,8900,1,1
217.79.181.90,34000,1,1
165.227.34.240,2000,1,0
212.41.17.53,2300,1,0
193.218.118.182,5800,1,0
87.236.199.239,17000,1,1
209.141.52.110,1600,1,0
202.61.196.212,5700,1,1
217.182.196.68,18000,1,0
104.244.72.115,18000,1,0
64.33.179.214,7000,1,0
51.195.107.236,37000,1,0
179.43.159.196,26000,0,1
37.221.66.245,5600,1,0
185.189.125.22,3800,1,0
178.170.10.3,6400,1,0
198.251.88.142,19000,1,0
193.26.156.86,27000,1,1
149.56.44.47,13000,1,0
23.129.64.213,12000,1,0
190.211.254.76,6000,0,1
212.95.50.77,31000,0,0
63.250.56.54,5400,1,1
45.86.86.158,10000,1,0
108.62.211.205,23000,0,0
85.214.147.9,10000,1,1
212.227.228.245,29000,1,1
65.108.77.19,8100,1,0
85.195.235.248,62000,1,0
38.242.234.161,16000,0,1
69.197.128.154,50000,1,1
51.15.185.201,52000,0,1
193.168.141.134,14000,1,0
144.76.154.13,36000,0,0
94.16.104.159,15000,1,1
185.241.208.243,17000,1,0
172.106.17.190,4800,0,0
158.58.173.243,34000,0,0
51.15.127.227,11000,0,1
185.227.68.78,6300,1,0
162.19.204.163,91000,1,0
185.220.101.66,31000,1,1
5.199.162.73,29000,1,1
5.135.83.4,11000,1,0
185.220.103.113,46000,1,1
193.108.117.228,33000,1,1
51.75.143.150,18000,1,0
23.129.64.221,10000,1,0
185.220.101.42,31000,1,1
217.160.247.34,30000,1,1
5.181.80.181,8300,0,0
37.120.174.249,34000,1,1
164.68.121.40,16000,1,1
5.181.80.101,4100,0,0
65.21.251.26,15000,1,0
213.183.61.202,27000,1,0
51.158.164.63,31000,0,1
78.46.141.156,33000,1,0
75.119.156.62,24000,1,1
188.68.54.158,2100,1,1
5.2.67.226,14000,1,1
162.251.116.82,90000,1,0
88.151.151.152,19000,1,0
95.214.53.216,24000,1,0
185.241.208.172,19000,1,0
193.43.147.241,5500,1,0
78.142.18.219,29000,0,0
95.216.209.129,28000,1,0
149.202.91.90,4100,1,0
77.48.28.206,4600,1,0
63.225.188.173,4900,0,1
217.182.196.67,19000,1,0
95.85.90.130,25000,1,0
188.40.238.144,19000,1,0
146.0.32.176,22000,1,1
91.206.27.26,23000,0,0
5.255.102.43,6000,1,1
5.199.162.114,25000,1,1
45.142.177.89,33000,1,1
95.217.231.111,44000,1,0
141.145.210.16,3600,0,1
158.248.86.72,13000,0,0
199.249.230.156,21000,1,1
188.68.56.103,1600,1,1
70.49.145.136,760,1,0
135.148.139.41,37000,1,0
51.15.46.15,16000,0,1
37.9.231.195,20000,1,1
185.220.102.246,32000,1,1
198.98.48.20,21000,1,0
54.38.215.74,15000,1,0
158.69.48.49,2600,1,0
50.7.154.218,19000,0,1
158.101.203.38,37000,0,1
85.214.64.22,24000,1,1
165.73.242.163,2800,0,0
208.109.36.224,7200,1,0
151.115.75.5,20000,0,1
107.189.31.232,20000,1,0
130.162.33.30,40000,0,1
45.80.210.20,33000,1,0
199.195.252.5,6000,0,0
103.54.59.52,3700,1,0
147.135.114.98,4900,1,0
65.108.136.183,30000,1,0
144.172.118.67,4000,0,0
89.147.109.179,12000,0,0
199.249.230.108,13000,1,1
195.88.57.217,3700,1,1
45.82.247.145,1600,1,0
192.18.144.19,4500,0,1
65.109.16.187,37000,1,0
51.15.78.0,19000,0,1
213.144.135.21,48000,1,0
212.147.124.158,17000,1,0
146.59.44.45,34000,1,0
142.54.162.114,15000,1,0
185.233.106.34,18000,1,1
104.244.72.132,13000,1,0
45.125.65.112,8300,0,0
87.118.116.90,6000,1,0
185.162.251.135,21000,1,1
31.171.155.122,38000,1,1
85.209.46.236,3700,1,1
185.220.101.196,26000,1,1
62.210.125.130,14000,1,1
185.220.101.85,33000,1,1
130.61.233.97,23000,0,1
37.26.74.179,3700,1,0
91.213.8.89,9000,1,1
178.32.47.60,27000,1,0
95.216.140.239,3400,1,0
78.61.137.118,12000,1,1
178.175.135.7,33000,1,0
37.187.122.101,3900,1,0
194.180.174.73,15000,1,0
104.149.140.71,9200,0,0
71.135.200.38,13000,0,1
45.154.98.173,37000,1,0
185.216.176.142,15000,0,1
193.105.134.150,12000,1,0
193.30.120.139,20000,1,1
66.70.211.20,4600,1,0
51.81.93.162,61000,1,0
82.66.197.211,8100,1,1
113.30.149.35,5700,1,1
109.248.147.172,9100,0,0
185.220.101.208,22000,1,1
202.61.225.234,3700,1,1
162.55.177.164,10000,1,0
199.249.230.142,30000,1,1
144.91.92.99,15000,1,1
188.165.192.152,19000,1,0
212.227.169.190,18000,1,1
89.58.58.14,9300,1,1
173.212.236.169,2000,1,1
108.54.250.129,9500,1,0
185.250.150.76,11000,1,0
87.118.122.51,3100,1,0
75.28.165.140,5800,0,1
85.214.38.105,18000,1,1
185.73.220.211,49000,1,0
83.229.73.246,3900,1,0
74.208.136.53,9300,1,1
75.75.102.102,1800,1,0
176.123.9.169,23000,1,0
209.141.42.126,4900,1,0
37.221.66.253,6200,1,0
31.133.0.141,18000,0,0
37.114.40.104,14000,1,1
108.62.103.193,66000,0,0
51.222.207.61,13000,1,0
144.24.232.2,3000,0,1
185.239.222.248,25000,0,0
185.129.61.1,32000,1,0
89.58.54.129,23000,1,1
87.118.122.30,3200,1,0
185.220.101.208,26000,1,1
51.75.143.145,16000,1,0
45.145.164.70,24000,1,0
170.133.2.81,13000,1,0
202.61.205.33,12000,1,1
212.147.124.158,21000,1,0
199.249.230.85,14000,1,1
5.255.112.208,6700,1,1
5.75.133.63,23000,1,0
142.54.190.250,14000,1,0
104.149.142.217,3900,0,0
15.235.29.234,12000,1,0
76.70.92.124,1900,1,0
23.184.48.127,4500,1,0
85.195.230.249,64000,1,0
46.139.126.145,3000,1,0
107.189.8.133,23000,1,0
157.90.179.103,110000,1,0
66.165.241.228,4800,1,0
82.94.251.227,15000,1,1
87.229.115.23,17000,0,0
213.183.61.123,26000,1,0
199.249.230.166,29000,1,1
146.59.12.188,14000,1,0
94.230.208.148,30000,1,0
94.130.246.106,21000,1,0
104.244.76.13,45000,1,0
185.109.91.126,11000,1,1
162.250.191.15,3700,0,0
94.142.244.16,24000,1,1
176.123.1.67,4800,1,0
5.12.227.15,4200,1,1
65.109.123.248,56000,1,0
185.220.102.244,36000,1,1
94.140.114.255,3900,0,0
65.108.58.113,32000,1,0
51.15.243.22,23000,0,1
95.214.53.96,32000,1,0
176.36.117.185,11000,1,0
89.58.30.164,44000,1,1
188.40.147.177,4500,1,0
23.137.251.61,37000,1,0
81.191.118.49,25000,1,0
185.117.3.57,17000,1,0
199.193.115.2,38000,1,0
193.189.100.197,25000,1,0
193.182.111.182,3300,1,0
159.180.52.75,27000,1,1
5.2.77.22,24000,1,1
199.249.230.104,3600,1,1
192.42.116.28,20000,0,1
185.244.24.13,31000,1,0
195.122.181.242,4900,0,1
92.205.129.7,70000,1,0
193.218.118.155,15000,1,0
45.35.130.46,68000,0,0
51.79.221.8,3300,1,0
104.244.74.224,19000,1,0
199.249.230.66,5900,1,1
62.113.216.173,3400,1,0
91.143.87.51,15000,1,0
90.229.235.228,3100,1,1
23.105.163.117,44000,0,0
185.220.102.243,31000,1,1
188.95.39.230,5700,1,0
185.142.238.67,21000,0,1
185.156.175.60,5700,0,1
91.208.75.3,12000,1,0
144.91.66.153,5700,1,1
144.76.3.182,62000,0,0
172.0.47.78,2400,1,1
46.4.57.75,97000,1,0
198.244.212.57,110000,1,0
162.251.116.18,42000,1,0
198.12.80.184,2200,1,0
213.196.191.96,6000,1,1
82.223.27.116,27000,1,1
104.57.231.26,3900,1,1
185.32.222.237,36000,1,0
79.141.174.124,40000,1,1
94.142.241.194,25000,1,1
51.89.17.143,63000,1,0
81.169.240.172,36000,1,1
37.252.187.14,15000,1,0
185.220.101.41,38000,1,1
66.146.193.33,19000,0,1
212.47.229.2,26000,1,1
176.126.164.93,2700,0,0
209.250.2.254,2600,0,0
62.182.84.241,11000,1,1
51.158.154.112,12000,0,1
185.220.101.73,38000,1,1
93.123.12.112,14000,1,1
194.88.143.66,21000,0,0
46.38.236.250,16000,1,1
71.34.146.215,6800,0,1
75.11.56.232,3200,0,1
161.97.142.15,11000,1,1
24.147.89.35,2000,1,0
50.47.252.7,5700,1,0
199.249.230.145,31000,1,1
78.47.36.20,14000,1,0
54.39.73.124,23000,1,0
212.89.225.242,15000,1,0
185.125.171.100,53000,1,0
94.26.73.162,19000,0,0
172.105.47.96,3800,1,1
23.129.64.212,7900,1,0
80.221.56.249,5800,1,1
94.26.73.162,21000,0,0
91.121.68.5,2900,1,0
92.223.105.174,26000,1,0
209.209.11.184,13000,0,0
37.187.122.8,4500,1,0
193.108.117.125,38000,1,1
188.68.56.27,2700,1,1
185.220.102.254,37000,1,1
185.84.81.240,3200,0,0
212.51.134.25,27000,1,0
31.171.154.173,9900,1,1
107.174.244.102,6600,1,0
129.151.77.71,13000,0,1
95.216.115.85,23000,1,0
80.67.167.86,25000,1,0
212.51.141.112,23000,1,0
192.42.115.103,36000,0,1
80.64.218.61,26000,1,0
82.65.165.202,3700,1,1
5.254.118.189,10000,1,1
45.13.104.185,21000,1,0
68.67.32.34,41000,0,0
46.226.111.65,14000,1,1
185.107.195.150,2000,1,0
185.220.101.47,44000,1,1
104.244.77.80,22000,1,0
51.15.62.130,5800,0,1
91.193.18.143,8400,1,1
15.204.172.16,12000,1,0
37.120.187.228,24000,1,1
51.81.93.108,76000,1,0
45.134.225.36,28000,1,0
95.216.202.181,42000,1,0
87.118.110.27,22000,1,0
159.69.21.196,11000,1,0
162.251.116.106,74000,1,0
89.58.52.69,27000,1,1
116.88.104.94,1900,1,0
51.159.59.187,18000,0,1
91.208.162.145,8200,1,0
85.114.207.8,2600,0,0
81.6.47.149,19000,1,0
45.157.131.199,16000,1,0
185.220.101.36,28000,1,1
23.129.64.215,15000,1,0
162.251.119.2,56000,1,0
45.89.54.11,6800,1,0
89.58.54.129,29000,1,1
101.58.180.233,14000,1,0
154.49.216.30,40000,0,0
31.171.152.122,28000,1,1
107.189.30.86,39000,1,0
23.137.251.62,29000,1,0
95.216.35.176,22000,1,0
194.233.86.33,6600,1,0
174.128.250.166,5100,0,0
51.14.6.16,2000,0,0
45.129.56.225,19000,1,1
178.132.0.6,13000,1,0
94.156.175.120,24000,1,0
62.210.97.21,70000,1,1
185.177.151.33,2900,0,0
185.202.93.106,5800,1,0
94.16.118.250,9100,1,1
102.130.127.117,2400,0,0
87.118.116.103,20000,1,0
51.161.35.113,7300,1,0
217.174.247.196,26000,1,1
212.7.217.52,17000,1,0
193.187.91.79,8600,1,0
95.216.72.20,86000,1,0
138.59.18.105,2800,1,0
179.43.159.197,26000,0,1
188.127.175.47,7300,0,0
181.214.231.34,26000,1,0
172.106.10.106,81000,0,0
91.204.6.136,7300,0,0
51.81.208.163,7800,1,0
37.221.209.148,14000,0,0
193.233.202.71,7600,1,0
185.170.114.25,13000,1,1
5.2.79.179,4600,1,1
78.47.229.130,17000,1,0
172.106.167.90,14000,0,0
89.58.40.94,19000,1,1
138.201.19.5,41000,0,0
178.62.220.93,13000,1,0
91.231.182.49,16000,0,0
78.46.202.212,11000,1,0
198.98.60.136,17000,1,0
95.217.135.250,6800,1,0
185.243.218.204,28000,1,0
185.220.101.201,27000,1,1
149.56.22.133,35000,1,0
138.201.225.177,73000,0,0
140.99.170.69,30000,1,0
185.220.101.82,37000,1,1
146.19.247.86,8800,1,0
15.204.174.85,13000,1,0
89.58.13.106,2700,1,1
185.220.103.115,54000,1,1
151.115.79.161,20000,0,1
185.165.188.67,5000,0,1
217.160.13.173,1700,1,1
217.160.192.232,17000,1,1
163.172.41.228,4400,0,1
178.17.171.102,12000,1,0
84.238.10.142,25000,1,1
81.182.253.73,18000,1,0
178.254.20.159,21000,0,0
144.76.200.80,79000,0,0
163.172.45.4,14000,0,1
89.34.27.237,17000,1,0
51.81.182.173,3500,1,0
185.146.232.234,12000,1,0
185.82.219.109,1700,1,0
185.7.33.120,17000,1,0
94.16.113.89,24000,1,1
134.249.231.207,3700,1,1
138.201.250.33,28000,0,0
65.109.16.131,45000,1,0
173.212.225.208,14000,1,1
91.92.109.43,3600,1,1
23.111.143.202,26000,1,0
213.139.243.21,24000,1,0
38.108.119.208,10000,0,1
179.43.182.217,18000,0,1
138.201.123.109,42000,0,0
162.251.5.152,4400,1,1
198.27.80.188,3600,1,0
149.34.0.192,7000,0,1
185.244.192.175,15000,1,1
79.133.56.51,22000,1,0
107.189.11.111,21000,1,0
192.158.224.175,13000,1,0
91.201.65.29,5400,1,0
85.240.250.137,17000,1,0
89.163.128.28,34000,1,1
51.75.129.204,41000,1,0
85.195.253.5,46000,1,0
135.148.54.103,39000,1,0
135.148.149.120,34000,1,0
129.151.200.208,3100,0,1
92.60.36.153,17000,1,1
172.105.9.205,54000,1,1
90.155.5.6,1700,1,1
185.220.101.64,30000,1,1
213.135.244.242,30000,1,1
37.120.176.112,30000,1,1
77.22.214.10,3700,0,0
104.244.74.28,3300,1,0
185.220.101.32,40000,1,1
91.219.237.160,13000,1,1
185.154.110.142,3300,1,0
23.83.132.19,3500,0,1
94.140.120.130,10000,0,0
62.210.123.24,29000,1,1
193.105.134.18,9800,1,0
135.125.147.165,5000,1,0
199.195.248.172,14000,0,0
188.68.40.46,3000,1,1
217.182.198.95,33000,1,0
23.88.75.121,36000,1,0
141.145.208.153,25000,0,1
178.78.241.178,8200,0,1
93.221.124.146,2100,1,0
31.11.178.70,6200,1,0
199.249.230.162,33000,1,1
213.152.168.27,25000,1,0
185.225.18.102,8100,1,0
146.59.12.128,16000,1,0
78.47.39.90,7400,1,0
195.50.212.15,5600,1,1
195.90.208.76,2900,0,0
95.216.33.30,59000,1,0
144.24.17.44,3200,0,1
89.58.5.0,36000,1,1
172.105.53.186,3500,1,1
185.220.101.81,30000,1,1
171.25.193.79,16000,0,0
45.90.161.142,21000,1,0
5.45.106.197,9900,1,1
199.249.230.150,22000,1,1
176.9.17.112,5800,1,0
212.159.69.155,5900,0,1
198.140.141.51,55000,1,0
94.230.208.147,27000,1,0
23.105.13.178,55000,0,0
134.202.120.23,58000,0,0
46.249.37.109,7400,1,1
173.232.194.21,23000,0,1
135.181.41.38,7400,1,0
185.119.117.229,17000,1,0
51.68.136.44,11000,1,0
15.235.29.235,8900,1,0
51.68.152.89,28000,1,0
23.82.137.99,3800,0,1
199.195.253.247,9200,0,0
45.128.133.206,19000,1,0
193.189.100.201,33000,1,0
199.249.230.182,10000,1,1
104.244.73.136,22000,1,0
90.231.172.196,2600,1,1
184.105.48.40,10000,1,1
146.0.36.21,34000,1,1
51.158.96.122,26000,0,1
217.182.198.80,59000,1,0
65.21.246.132,14000,1,0
37.221.212.147,18000,0,0
199.249.230.164,25000,1,1
15.204.141.95,83000,1,0
88.209.121.106,16000,1,1
193.189.100.204,34000,1,0
104.149.129.254,8000,0,0
93.115.91.66,22000,1,1
185.243.218.41,21000,1,0
65.109.87.119,16000,1,0
98.128.173.1,42000,1,0
185.241.208.105,26000,1,0
146.185.253.116,4600,1,1
147.189.192.35,15000,1,0
51.81.56.228,63000,1,0
109.105.109.162,24000,1,0
130.61.232.241,33000,0,1
217.160.58.151,5600,1,1
185.220.101.87,29000,1,1
162.247.74.74,63000,0,1
91.203.5.115,6800,1,0
104.244.73.190,16000,1,0
178.254.13.227,18000,0,0
185.181.60.181,13000,1,0
45.9.148.209,42000,1,0
185.243.218.153,27000,1,0
51.158.231.76,33000,0,1
205.185.121.177,7600,1,0
178.17.170.168,11000,1,0
51.15.4.202,11000,0,1
96.244.129.96,45000,1,0
93.95.231.115,13000,0,0
109.231.98.61,2500,0,0
65.108.195.151,15000,1,0
146.19.173.181,14000,1,0
107.189.10.70,39000,1,0
81.95.11.117,4200,1,1
45.128.133.242,21000,1,0
104.217.251.203,11000,0,0
89.163.143.8,25000,1,1
138.3.253.215,21000,0,1
195.201.33.216,12000,1,0
212.51.134.25,7500,1,0
199.170.132.74,23000,0,0
89.58.5.196,4600,1,1
185.225.210.34,12000,0,1
5.1.56.52,6800,0,0
104.217.249.58,8300,0,0
150.136.127.131,1700,0,1
185.194.142.90,1400,1,1
193.104.220.35,3100,1,0
45.154.98.173,33000,1,0
102.130.127.238,4900,0,0
89.161.26.78,3100,0,0
185.220.102.250,28000,1,1
37.228.129.62,4000,1,0
46.4.32.184,13000,1,0
185.129.61.3,26000,1,0
142.44.247.102,13000,1,0
89.163.143.8,20000,1,1
212.85.84.17,19000,1,0
141.148.42.164,2700,0,1
199.249.230.113,3800,1,1
159.69.214.179,1600,1,0
213.164.204.146,3100,1,0
51.159.181.146,18000,0,1
45.35.194.162,62000,0,0
199.249.230.89,4600,1,1
176.123.7.197,7900,1,0
84.240.60.234,2500,1,1
202.61.225.95,26000,1,1
23.141.40.7,5100,1,0
104.244.73.43,44000,1,0
107.189.29.103,4600,1,0
5.255.98.7,2700,1,1
213.164.204.177,4000,1,0
185.181.61.115,25000,1,0
51.15.52.16,27000,0,1
216.250.247.225,2400,0,0
45.142.176.96,41000,1,1
144.172.118.36,27000,0,0
202.61.224.179,29000,1,1
85.214.212.219,26000,1,1
190.120.229.98,5100,1,0
51.38.81.39,17000,1,0
104.244.79.40,25000,1,0
178.39.63.206,5100,1,0
5.45.104.176,11000,1,1
5.45.102.68,2200,1,1
37.143.129.141,12000,1,0
95.214.53.216,34000,1,0
185.220.101.71,30000,1,1
95.216.101.247,29000,1,0
144.76.81.198,70000,0,0
23.129.64.220,14000,1,0
178.254.44.163,34000,0,0
146.59.18.159,34000,1,0
95.216.23.120,15000,1,0
144.172.73.16,10000,0,0
194.26.192.77,15000,1,0
82.68.0.77,6400,1,1
185.216.179.206,11000,0,1
193.142.146.43,32000,1,0
37.221.65.169,2600,1,0
65.108.7.141,6200,1,0
185.220.101.57,44000,1,1
144.168.44.26,38000,1,0
82.118.23.198,13000,1,1
185.220.101.87,38000,1,1
198.50.191.95,100000,1,0
145.239.41.102,91000,1,0
199.249.230.179,12000,1,1
45.142.211.100,1900,0,0
87.236.195.203,21000,1,1
93.43.195.2,5800,1,0
185.220.101.194,24000,1,1
62.141.36.150,22000,1,1
209.44.114.178,3400,1,0
188.165.26.89,33000,1,0
193.218.118.145,12000,1,0
51.195.118.122,17000,1,0
185.220.101.58,39000,1,1
89.147.110.11,12000,0,0
85.50.3.223,6700,0,1
91.203.5.141,5600,1,0
93.95.230.85,1700,0,0
173.212.239.78,3100,1,1
190.211.254.182,5200,0,1
89.58.54.129,25000,1,1
172.106.12.246,68000,0,0
209.141.39.157,5500,1,0
104.244.79.25,16000,1,0
93.115.95.38,13000,1,1
91.219.238.120,26000,1,1
23.105.174.243,51000,0,0
193.108.117.228,41000,1,1
132.145.78.174,12000,0,1
192.121.44.233,6400,0,1
18.18.82.19,4300,0,0
199.249.230.83,2800,1,1
51.38.65.160,18000,1,0
209.126.103.140,31000,0,1
116.203.88.24,14000,1,0
82.197.215.30,5100,1,1
83.212.81.32,13000,1,1
185.181.61.142,19000,1,0
185.241.208.183,24000,1,0
37.221.66.246,6200,1,0
93.190.143.41,15000,1,0
51.89.216.141,3600,1,0
185.220.101.66,28000,1,1
68.67.32.32,31000,0,0
173.181.7.150,3600,1,1
185.239.222.245,20000,0,0
104.244.74.23,4800,1,0
195.88.24.216,4900,1,1
185.243.218.202,30000,1,0
38.147.122.254,8200,0,1
185.239.222.251,17000,0,0
195.123.209.18,23000,1,0
81.16.33.41,3600,0,0
217.79.179.177,35000,1,1
193.187.91.79,8100,1,0
143.47.35.181,3800,0,1
51.158.201.235,32000,0,1
45.32.129.172,2200,1,1
5.45.98.162,2500,1,1
185.44.81.21,19000,1,0
45.141.57.69,27000,0,0
193.218.118.101,13000,1,0
195.88.75.18,7600,0,0
107.189.8.238,21000,1,0
95.217.112.243,23000,1,0
104.149.136.105,3600,0,0
194.147.140.102,13000,1,0
45.138.16.222,16000,1,0
5.188.51.30,31000,1,0
199.249.230.153,28000,1,1
109.90.84.44,1900,1,0
208.68.7.129,3400,1,0
38.145.211.218,1200,0,1
198.98.52.83,49000,1,0
138.201.55.77,39000,0,0
212.16.170.158,16000,1,0
171.25.193.77,19000,0,0
194.88.105.30,14000,1,0
51.81.56.123,45000,1,0
212.51.155.104,8300,1,0
199.19.124.251,3100,0,0
51.158.148.128,13000,0,1
185.120.145.83,27000,0,1
185.4.134.104,9100,1,0
212.85.65.159,21000,1,0
185.165.171.84,7900,1,0
216.229.47.69,8900,0,1
31.14.41.164,15000,1,1
178.254.20.38,3700,0,0
51.81.56.91,91000,1,0
178.63.41.183,62000,1,0
45.83.234.114,2800,1,0
104.244.77.192,6200,1,0
95.217.112.218,25000,1,0
185.187.170.196,7800,1,1
46.165.221.207,21000,0,0
199.249.230.102,3500,1,1
51.15.113.108,27000,0,1
82.66.61.19,24000,1,1
185.243.218.46,30000,1,0
185.185.170.27,23000,1,0
108.180.133.17,2700,1,1
87.106.168.172,19000,1,1
194.187.251.115,2400,0,1
91.92.109.126,4100,1,1
198.251.84.99,14000,1,0
23.129.64.217,9500,1,0
195.148.124.199,14000,1,1
181.215.226.65,30000,1,1
193.105.134.186,12000,1,0
95.211.147.99,34000,1,0
147.135.16.147,36000,1,0
135.148.53.59,62000,1,0
87.62.99.122,33000,1,1
185.220.101.68,36000,1,1
217.12.221.131,2000,1,0
51.77.109.21,33000,1,0
104.244.75.27,20000,1,0
88.99.94.231,85000,1,0
107.189.10.143,35000,1,0
185.220.101.195,31000,1,1
45.136.31.178,35000,1,1
213.109.192.99,5800,1,0
5.9.121.207,74000,1,0
62.210.116.61,17000,1,1
213.169.148.151,3900,1,1
141.145.204.50,3800,0,1
65.109.67.182,19000,1,0
162.247.73.192,64000,0,1
204.85.191.7,3600,0,0
185.220.101.209,33000,1,1
91.89.132.12,2400,1,0
212.51.143.214,16000,1,0
185.124.240.98,4700,0,1
199.249.230.146,21000,1,1
45.132.246.38,53000,1,1
199.249.230.116,12000,1,1
161.97.184.88,11000,1,1
185.243.218.200,24000,1,0
85.239.34.239,7400,1,0
68.67.32.33,45000,0,0
45.61.185.38,7700,1,0
194.26.192.142,14000,1,0
185.220.102.247,52000,1,1
193.108.117.103,29000,1,1
129.151.246.99,32000,0,1
185.129.61.6,32000,1,0
82.69.67.22,9100,1,1
88.99.4.50,12000,1,0
50.92.249.133,2400,1,1
217.115.127.34,8200,0,0
185.241.5.229,3100,1,0
199.195.250.165,3900,0,0
185.181.229.77,2800,1,0
91.132.145.245,14000,1,1
62.67.28.50,14000,0,1
155.4.245.142,11000,0,0
46.165.221.195,34000,0,0
104.14.25.16,4100,1,1
91.199.41.47,2900,0,1
148.251.91.87,44000,0,0
144.24.197.18,15000,0,1
80.241.214.102,14000,1,1
45.61.185.83,15000,1,0
172.106.11.34,76000,0,0
95.111.243.215,14000,1,1
23.88.75.121,51000,1,0
89.39.67.33,6400,1,0
66.206.0.138,92000,1,0
178.254.44.54,37000,0,0
204.137.14.62,78000,1,0
87.236.195.216,28000,1,1
185.129.61.10,27000,1,0
144.172.118.4,7500,0,0
77.83.198.149,7800,1,1
195.123.245.141,16000,1,1
62.67.28.110,20000,0,1
132.248.241.5,3100,1,0
89.249.65.249,5800,0,1
199.249.230.147,12000,1,1
185.220.103.118,70000,1,1
173.249.57.253,16000,1,1
99.149.215.67,2700,0,1
46.4.103.29,89000,1,0
51.15.150.228,27000,0,1
173.232.194.21,32000,0,1
54.36.108.162,35000,1,0
217.95.65.129,2900,1,0
89.58.4.238,28000,1,1
107.189.6.124,26000,1,0
192.18.128.35,9100,0,1
107.189.11.111,21000,1,0
71.19.144.106,5700,0,1
209.141.53.184,6200,1,0
95.214.53.216,24000,1,0
51.81.209.45,7700,1,0
107.152.44.228,1600,0,0
162.247.74.202,38000,0,1
96.255.114.205,7400,1,0
176.123.7.172,6300,1,0
51.75.206.12,16000,1,0
192.68.11.203,21000,0,0
163.172.151.206,23000,0,1
95.217.112.218,20000,1,0
136.243.149.82,23000,0,0
104.179.26.40,4000,1,1
198.98.57.25,2000,1,0
95.217.6.94,6100,1,0
5.45.102.93,1900,1,1
190.211.254.97,8600,0,1
194.15.115.92,2100,1,1
185.220.101.85,38000,1,1
185.65.241.80,17000,1,1
198.199.72.28,11000,1,0
171.25.193.80,22000,0,0
193.219.97.25,21000,1,1
144.76.162.202,63000,0,0
5.135.162.49,5700,1,0
198.244.233.55,36000,1,0
82.165.76.126,2100,1,1
51.159.186.85,28000,0,1
171.25.193.77,32000,0,0
143.47.225.45,3300,0,1
45.142.232.203,17000,1,0
142.54.190.250,12000,1,0
185.239.222.240,16000,0,0
80.66.135.13,8000,0,1
185.220.101.44,35000,1,1
107.189.13.27,27000,1,0
135.148.100.84,38000,1,0
185.67.45.76,11000,0,0
130.61.57.96,13000,0,1
179.61.253.117,2500,1,0
98.128.175.41,21000,1,0
51.159.188.211,35000,0,1
159.65.125.72,13000,1,0
212.21.66.6,20000,1,0
161.97.142.15,14000,1,1
93.95.88.13,2200,1,1
185.112.144.109,11000,0,0
159.69.27.103,13000,1,0
5.181.158.49,6600,1,0
198.98.57.55,60000,1,0
92.223.105.117,34000,1,0
45.61.185.97,11000,1,0
5.196.95.34,4900,1,0
192.99.34.48,44000,1,0
142.132.204.112,86000,1,0
37.120.170.213,25000,1,1
98.96.164.74,2600,1,1
163.172.182.26,22000,0,1
88.99.80.111,6600,1,0
87.237.165.31,11000,1,0
150.136.62.109,4500,0,1
62.250.199.251,2000,1,0
185.241.208.243,19000,1,0
185.32.222.237,48000,1,0
185.183.194.90,42000,1,0
45.92.33.74,8400,0,1
46.232.251.191,16000,1,1
58.185.69.245,1600,1,0
213.144.135.22,55000,1,0
95.217.112.245,23000,1,0
172.106.19.126,58000,0,0
178.249.211.89,29000,1,0
81.128.218.125,37000,0,0
62.171.135.191,15000,1,1
99.149.215.67,4600,0,1
77.83.198.213,12000,1,1
63.141.233.118,4600,1,0
185.220.101.79,30000,1,1
172.106.167.6,59000,0,0
104.37.251.124,2100,1,1
136.24.227.100,770,0,0
149.56.22.133,45000,1,0
5.255.100.149,2600,1,1
46.228.199.128,30000,1,1
157.90.112.145,7100,1,0
172.106.200.150,92000,0,0
185.38.13.37,32000,1,1
199.249.230.178,13000,1,1
51.83.128.105,2800,1,0
195.15.242.113,2000,1,0
199.249.230.152,14000,1,1
89.234.157.254,33000,0,0
51.75.143.146,18000,1,0
51.81.57.7,82000,1,0
144.76.91.8,2600,0,0
94.158.246.117,18000,1,0
178.215.228.25,43000,1,0
130.61.50.209,35000,0,1
185.220.101.80,30000,1,1
142.132.254.39,32000,1,0
162.55.52.23,3500,1,0
45.61.185.172,15000,1,0
24.88.80.215,3700,1,1
65.21.94.13,32000,1,0
193.108.117.123,42000,1,1
172.106.112.42,37000,0,0
109.202.206.69,8900,1,0
148.251.11.21,93000,0,0
87.236.195.216,17000,1,1
162.247.74.204,43000,0,1
199.249.230.155,14000,1,1
94.16.118.23,7400,1,1
89.58.4.228,32000,1,1
185.129.61.129,21000,1,0
45.134.225.36,27000,1,0
70.32.0.100,40000,0,0
65.21.94.13,44000,1,0
94.130.142.182,75000,1,0
185.220.101.205,35000,1,1
82.66.61.19,30000,1,1
185.14.97.37,20000,1,0
107.150.32.250,5900,1,0
141.95.52.19,18000,1,0
96.65.68.193,2500,1,0
89.163.225.115,13000,1,1
51.195.26.13,11000,1,0
81.191.123.129,21000,1,0
45.15.166.47,5600,1,0
130.61.174.201,37000,0,1
185.220.101.70,31000,1,1
174.128.250.164,7900,0,0
205.185.124.200,7400,1,0
91.143.87.136,9200,1,0
31.131.2.19,2900,1,0
51.255.106.107,84000,1,0
129.153.51.50,5100,0,1
199.249.230.189,2900,1,1
171.25.193.25,17000,0,0
87.247.142.87,11000,0,0
82.52.46.210,2800,0,0
144.91.125.239,13000,1,1
176.223.141.106,7800,1,0
185.220.101.204,27000,1,1
85.184.251.28,41000,1,1
193.150.22.27,6500,1,0
172.106.112.254,14000,0,0
51.158.170.28,21000,0,1
138.201.55.70,48000,0,0
171.25.193.20,16000,0,0
104.0.0.175,3800,1,1
185.220.102.240,33000,1,1
185.183.159.143,19000,1,1
176.9.123.122,7500,1,0
72.85.41.137,3100,1,0
31.171.154.186,28000,1,1
163.172.188.113,3100,0,1
38.147.122.253,8600,0,1
69.30.239.126,13000,1,1
23.137.249.143,6300,1,0
65.21.146.221,25000,1,0
37.120.168.19,24000,1,1
178.17.174.239,7000,1,0
51.81.208.217,8100,1,0
77.83.196.92,13000,1,1
139.99.172.11,2600,1,0
37.120.183.47,2300,1,1
37.120.162.222,3700,1,1
144.217.75.110,26000,1,0
37.221.65.250,5200,1,0
193.31.27.127,53000,1,1
185.220.101.37,42000,1,1
192.160.102.166,4500,0,0
51.15.54.117,7100,0,1
178.198.220.92,13000,1,1
62.63.203.34,7900,1,0
142.202.51.68,44000,0,1
104.149.142.217,4700,0,0
193.142.147.204,9800,1,0
185.225.210.87,7700,0,1
192.36.38.33,25000,1,0
146.19.173.215,15000,1,0
195.154.119.203,14000,1,1
95.217.112.243,23000,1,0
178.17.170.136,5200,1,0
184.105.221.248,6300,1,1
82.221.131.5,7100,1,0
23.137.251.61,32000,1,0
45.154.98.49,25000,1,0
173.212.231.228,12000,1,1
134.202.120.23,54000,0,0
51.158.146.152,7600,0,1
5.135.156.12,4700,1,0
51.83.132.69,5600,1,0
104.244.75.27,27000,1,0
69.30.237.183,990,1,1
192.160.102.170,10000,0,0
185.86.151.168,3800,0,0
195.1.161.161,19000,1,0
149.34.27.137,5700,0,1
217.163.129.42,4700,0,1
185.220.101.67,30000,1,1
144.172.118.36,31000,0,0
93.99.255.254,32000,1,0
162.212.158.82,2800,0,0
104.149.142.217,4100,0,0
193.108.118.107,26000,1,1
185.227.82.43,6500,1,0
51.15.96.2,12000,0,1
199.249.230.122,15000,1,1
185.243.218.95,26000,1,0
116.202.247.57,23000,1,0
95.214.54.70,24000,1,0
91.219.238.148,22000,1,1
51.159.195.41,50000,0,1
95.216.33.58,76000,1,0
45.19.142.217,3700,1,1
51.15.44.251,20000,0,1
51.15.98.240,26000,0,1
45.61.185.194,1600,1,0
64.31.55.212,7000,0,0
131.153.152.146,86000,1,0
89.234.157.254,36000,0,0
51.83.237.59,21000,1,0
185.129.61.4,42000,1,0
135.181.213.167,78000,1,0
89.58.4.118,34000,1,1
172.241.23.114,48000,0,0
188.68.50.76,26000,1,1
5.2.72.110,4300,1,1
45.140.143.143,35000,1,0
88.198.207.48,13000,1,0
78.47.169.189,2700,1,0
107.189.8.65,9100,1,0
198.98.62.56,39000,1,0
77.23.230.44,4600,0,0
147.135.64.217,44000,1,0
45.141.157.50,8300,0,0
79.143.177.192,4200,1,1
185.220.102.241,51000,1,1
78.45.83.195,6500,1,0
38.147.122.252,9200,0,1
2.206.25.113,2300,0,0
85.195.230.249,56000,1,0
185.14.30.57,15000,1,0
185.246.188.73,33000,1,0
171.25.193.234,18000,0,0
37.221.67.56,5800,1,0
81.191.114.65,20000,1,0
91.208.75.153,15000,1,0
45.61.184.112,12000,1,0
72.212.32.122,1000,1,0
192.121.44.26,15000,0,1
88.198.14.190,13000,1,0
65.108.247.78,14000,1,0
199.195.253.247,24000,0,0
5.135.177.107,4100,1,0
89.58.45.45,6700,1,1
134.202.120.22,76000,0,0
185.220.101.82,32000,1,1
95.214.54.80,33000,1,0
179.43.159.200,28000,0,1
194.15.115.93,2200,1,1
5.181.51.52,13000,1,1
85.184.251.94,39000,1,1
107.189.1.160,14000,1,0
178.170.14.10,2600,1,0
130.61.119.99,6900,0,1
135.148.100.89,63000,1,0
185.220.101.54,42000,1,1
5.75.145.34,4700,1,0
93.99.104.194,2600,1,0
45.61.184.137,9700,1,0
194.135.33.156,22000,1,0
94.156.175.86,34000,1,0
185.204.1.84,4700,1,0
50.3.181.26,27000,0,1
185.220.101.34,41000,1,1
138.201.55.70,26000,0,0
31.24.148.37,25000,1,0
185.67.45.99,7400,0,0
82.213.193.40,13000,0,0
91.208.75.4,12000,1,0
185.183.157.214,2700,1,1
88.91.231.137,2800,1,1
192.42.113.101,44000,0,1
172.106.10.58,77000,0,0
176.9.85.41,82000,1,0
162.19.204.163,76000,1,0
135.148.54.98,45000,1,0
88.99.248.158,42000,1,0
51.159.151.6,28000,0,1
51.15.50.36,19000,0,1
144.217.74.229,22000,1,0
185.225.19.159,11000,1,0
194.15.115.91,2400,1,1
107.189.14.106,4700,1,0
38.154.240.58,91000,0,0
95.211.138.7,24000,1,0
185.163.204.43,19000,1,1
185.42.170.203,5400,1,0
195.15.243.70,14000,1,0
185.125.171.199,68000,1,0
71.244.170.31,6000,1,0
104.244.73.193,37000,1,0
185.241.208.236,24000,1,0
45.33.13.63,12000,1,1
54.36.205.38,65000,1,0
146.0.40.193,22000,1,1
173.181.7.150,2600,1,1
185.220.101.84,34000,1,1
78.46.47.184,16000,1,0
45.80.171.211,5400,1,0
89.190.1.35,15000,1,0
185.220.101.61,29000,1,1
185.220.101.76,28000,1,1
144.172.118.49,4200,0,0
81.191.116.239,15000,1,0
194.233.84.228,2100,1,0
84.46.71.251,34000,1,1
5.255.103.132,21000,1,1
45.86.125.6,29000,1,0
108.49.231.230,4500,1,0
23.129.64.223,8300,1,0
5.255.98.121,4900,1,1
89.116.175.37,3800,1,0
45.138.16.147,44000,1,0
173.232.194.19,23000,0,1
93.95.230.102,14000,0,0
91.143.81.212,8100,1,0
95.216.96.44,65000,1,0
199.249.230.118,11000,1,1
185.100.85.132,11000,1,0
71.19.144.89,7900,0,1
148.251.236.209,80000,0,0
144.76.162.253,3000,0,0
109.73.65.37,28000,0,0
5.56.216.42,3000,1,0
159.69.241.126,6900,1,0
198.255.21.2,11000,0,1
188.68.50.174,24000,1,1
2.58.52.163,48000,1,0
23.105.171.37,8400,0,0
199.249.230.117,27000,1,1
198.180.150.9,12000,1,0
45.61.185.114,9000,1,0
185.70.185.146,10000,0,0
147.135.6.69,60000,1,0
94.177.8.200,4700,1,1
81.6.47.149,20000,1,0
45.90.161.141,27000,1,0
94.16.122.61,12000,0,1
82.118.242.226,31000,0,0
46.166.139.111,41000,1,0
37.221.196.71,18000,1,1
95.128.43.164,10000,1,0
2.58.56.114,32000,1,0
179.43.159.194,23000,0,1
198.140.141.30,84000,1,0
78.194.158.30,2600,1,1
188.68.41.191,14000,1,1
78.31.65.42,35000,1,1
130.61.189.237,14000,0,1
23.129.64.219,11000,1,0
51.158.231.136,30000,0,1
65.108.136.189,28000,1,0
138.3.243.244,3200,0,1
2.58.21.105,5900,1,1
217.12.221.75,18000,1,0
91.89.218.178,5100,1,0
185.129.61.8,27000,1,0
91.132.223.229,3200,0,0
80.64.218.61,22000,1,0
217.160.49.126,59000,1,1
137.220.127.235,19000,0,0
185.250.148.190,4100,1,0
65.21.75.226,16000,1,0
104.57.231.26,2400,1,1
193.42.36.82,10000,1,1
193.189.100.203,37000,1,0
213.136.81.89,9800,1,1
138.201.55.77,28000,0,0
217.146.2.41,19000,1,0
45.95.169.230,35000,1,0
185.82.126.230,4300,0,0
193.108.118.218,15000,1,1
217.182.196.71,41000,1,0
208.38.243.36,810,0,0
65.21.94.13,35000,1,0
5.189.181.61,10000,1,1
66.150.66.155,3800,0,0
192.42.116.15,19000,0,1
5.255.99.74,2400,1,1
79.114.51.67,14000,1,1
141.255.162.218,20000,0,1
138.2.165.161,22000,0,1
45.90.135.141,1600,1,1
185.130.45.232,6800,1,0
204.44.81.158,7200,0,0
171.25.193.25,15000,0,0
108.62.211.200,27000,0,0
178.175.128.178,3600,1,0
199.249.230.157,18000,1,1
171.22.136.83,5900,1,0
158.69.207.216,16000,1,0
5.45.102.93,1700,1,1
23.146.184.21,29000,1,0
158.58.173.209,47000,0,0
79.141.175.229,5900,1,1
144.172.118.5,7800,0,0
179.43.169.20,4800,0,1
87.106.229.54,12000,1,1
83.212.72.189,21000,1,1
212.227.115.239,46000,1,1
130.193.15.191,8200,1,0
94.100.6.30,4700,1,1
45.35.7.76,6000,0,0
45.139.122.241,29000,1,0
94.130.239.50,24000,1,0
94.140.115.114,8300,0,0
185.220.101.32,44000,1,1
51.77.111.67,14000,1,0
199.249.230.86,3700,1,1
100.33.127.76,6900,1,0
212.162.9.158,6500,0,1
82.130.23.238,1600,0,0
185.220.103.8,28000,1,1
199.249.230.180,16000,1,1
185.220.101.200,20000,1,1
195.154.252.88,8100,1,1
77.48.28.236,24000,1,0
194.180.191.93,9100,1,0
95.80.27.102,23000,0,0
65.109.67.182,21000,1,0
148.251.51.34,97000,0,0
150.230.47.73,9900,0,1
87.236.194.23,13000,1,1
185.246.188.74,60000,1,0
178.254.44.54,54000,0,0
100.2.45.164,77000,1,0
193.189.100.195,22000,1,0
193.31.24.154,19000,1,1
185.243.218.46,21000,1,0
104.244.79.122,28000,1,0
185.129.61.9,34000,1,0
46.105.54.220,6700,1,0
81.17.28.117,6300,0,1
179.43.159.195,26000,0,1
213.164.206.145,15000,1,0
188.68.41.191,16000,1,1
74.118.77.34,20000,0,0
88.99.31.186,66000,1,0
185.220.102.249,35000,1,1
195.154.255.174,15000,1,1
87.121.52.182,5700,1,1
173.232.194.19,24000,0,1
163.172.39.134,6400,0,1
185.243.218.110,31000,1,0
178.175.148.161,12000,1,0
178.170.10.3,6500,1,0
5.199.162.155,23000,1,1
185.225.68.98,10000,0,1
51.159.158.157,33000,0,1
174.128.250.164,7900,0,0
91.250.81.52,5600,1,0
116.203.93.236,16000,1,0
31.214.144.175,7200,1,0
37.221.195.23,7200,1,1
193.218.118.160,3300,1,0
45.61.185.49,11000,1,0
64.180.53.101,2100,1,1
205.201.63.48,4700,1,0
91.132.144.59,1600,1,1
198.24.168.226,58000,1,0
95.217.16.212,12000,1,0
185.220.101.84,28000,1,1
176.9.57.157,78000,1,0
104.192.3.74,72000,0,0
130.61.220.149,30000,0,1
5.252.23.42,5100,1,0
85.195.232.37,57000,1,0
185.220.102.253,61000,1,1
5.100.255.254,3600,1,0
185.220.101.75,29000,1,1
213.232.235.83,6600,1,0
194.147.140.104,19000,1,0
185.109.91.126,24000,1,1
15.235.29.232,11000,1,0
185.220.100.252,67000,1,0
77.23.136.54,3600,0,0
185.243.218.161,22000,1,0
209.141.61.36,13000,1,0
162.247.74.27,64000,0,1
188.68.38.76,20000,1,1
37.252.191.41,9100,1,0
85.17.127.129,33000,1,0
45.129.181.126,47000,1,1
95.214.54.80,29000,1,0
62.212.239.172,7700,0,0
217.76.139.49,18000,1,1
205.185.119.222,6600,1,0
15.235.130.1,3900,1,0
99.47.29.66,4200,1,1
86.105.195.106,9800,1,0
198.98.48.20,15000,1,0
104.244.77.53,27000,1,0
194.34.132.169,15000,0,0
142.132.204.165,93000,1,0
192.184.160.99,2600,1,0
89.187.143.31,5400,1,1
95.217.143.100,19000,1,0
65.21.91.58,40000,1,0
185.103.110.14,8200,1,0
185.70.185.126,30000,0,0
49.12.224.203,9500,1,0
185.220.101.209,30000,1,1
37.250.14.253,2500,1,1
103.251.167.20,45000,1,1
91.231.182.136,27000,0,0
54.36.205.38,76000,1,0
94.168.120.10,3200,1,1
51.158.201.235,50000,0,1
193.189.100.194,35000,1,0
192.42.115.102,37000,0,1
185.220.101.199,26000,1,1
185.220.101.59,43000,1,1
136.243.92.194,62000,0,0
217.160.242.229,38000,1,1
174.21.187.95,8800,0,1
95.216.201.161,5000,1,0
45.154.98.33,52000,1,0
151.115.42.146,10000,0,1
208.109.215.188,8200,1,0
51.75.153.22,59000,1,0
45.61.185.249,16000,1,0
65.49.20.12,4500,1,1
178.215.228.78,11000,1,0
81.169.166.81,15000,1,1
141.95.146.50,110000,1,0
88.198.209.95,3700,1,0
185.220.101.73,35000,1,1
162.247.74.206,43000,0,1
99.149.215.67,4700,0,1
136.243.147.91,14000,0,0
37.221.67.54,6100,1,0
179.43.159.199,28000,0,1
94.46.171.151,2800,1,0
185.220.101.81,26000,1,1
108.45.77.87,3400,1,0
107.189.5.121,22000,1,0
95.214.53.96,23000,1,0
85.25.43.31,11000,1,0
154.16.116.61,8600,1,0
185.220.101.48,36000,1,1
185.194.142.73,26000,1,1
144.217.90.187,4100,1,0
83.136.107.114,3800,0,0
199.249.230.149,28000,1,1
96.245.83.39,4200,1,0
72.50.206.15,9600,1,0
185.220.103.9,51000,1,1
185.220.103.117,69000,1,1
51.68.153.80,29000,1,0
194.36.146.145,32000,1,1
192.42.116.22,16000,0,1
41.216.188.11,20000,1,0
89.182.33.7,2500,1,0
89.147.109.91,2700,0,0
185.220.100.252,60000,1,0
85.235.64.77,23000,1,1
54.37.180.95,19000,1,0
193.142.147.204,9900,1,0
49.12.230.234,1800,1,0
23.129.64.228,14000,1,0
135.125.202.252,42000,1,0
45.84.0.46,23000,1,0
95.216.146.117,7700,1,0
116.202.135.253,27000,1,0
185.239.222.253,25000,0,0
65.49.20.12,6300,1,1
45.35.33.218,27000,0,0
23.129.64.216,9800,1,0
62.151.177.116,23000,1,1
188.68.36.28,14000,1,1
95.216.212.222,9300,1,0
212.38.189.186,39000,0,0
135.148.100.90,52000,1,0
88.218.226.91,3400,1,0
81.201.202.126,28000,1,1
199.195.251.78,8100,0,0
45.61.185.230,9900,1,0
162.19.230.56,5900,1,0
158.58.173.209,25000,0,0
185.220.100.255,61000,1,0
178.17.173.26,4400,1,0
185.213.175.236,2500,1,0
185.154.110.143,4600,1,0
185.229.90.81,36000,1,0
107.189.28.95,27000,1,0
80.241.213.155,11000,1,1
78.73.40.247,5900,1,1
185.216.176.142,16000,0,1
51.81.93.39,46000,1,0
174.88.164.166,55000,1,0
184.75.223.227,4400,0,0
91.151.93.46,11000,1,0
46.41.148.75,7400,1,0
89.58.53.213,29000,1,1
45.138.16.204,22000,1,0
88.89.93.110,3200,1,1
184.145.117.87,2400,1,0
91.132.144.59,2100,1,1
205.185.116.34,5100,1,0
185.125.169.177,24000,1,0
85.239.34.93,9600,1,0
178.17.170.23,4900,1,0
192.42.116.26,21000,0,1
45.132.74.182,3800,1,0
185.220.101.80,31000,1,1
2.56.10.29,26000,1,0
147.135.31.134,67000,1,0
54.39.234.91,7300,1,0
82.76.88.64,4100,1,1
185.220.101.74,38000,1,1
51.158.186.140,32000,0,1
74.215.152.161,1100,0,0
45.66.35.35,19000,1,0
212.227.119.130,28000,1,1
185.220.101.72,37000,1,1
195.15.242.29,41000,1,0
176.31.35.149,2700,1,0
140.238.217.119,30000,0,1
79.143.177.247,2800,1,1
135.125.205.25,1600,1,0
178.254.45.235,2100,0,0
135.148.53.61,71000,1,0
82.223.9.53,23000,1,1
51.81.208.164,6900,1,0
94.16.123.169,8700,0,1
212.227.149.79,26000,1,1
94.16.118.23,6600,1,1
37.221.67.52,6800,1,0
87.104.37.132,19000,1,0
89.58.32.224,32000,1,1
185.220.102.253,30000,1,1
185.56.107.17,55000,1,0
107.189.31.225,22000,1,0
199.249.230.68,11000,1,1
94.23.29.204,21000,1,0
95.216.35.84,28000,1,0
198.98.51.189,25000,1,0
173.232.194.18,29000,0,1
193.108.117.123,24000,1,1
134.130.172.229,38000,1,1
185.225.69.59,7500,0,1
37.221.212.172,35000,0,0
185.119.117.148,17000,1,0
194.147.140.102,16000,1,0
94.16.113.135,24000,1,1
107.189.13.184,28000,1,0
46.23.72.81,26000,1,1
162.247.74.217,46000,0,1
185.220.101.40,45000,1,1
5.9.14.25,35000,1,0
23.129.64.218,11000,1,0
37.63.63.250,5200,1,0
68.134.185.72,5200,1,0
212.7.160.190,20000,1,1
148.251.85.195,72000,0,0
23.160.192.240,1700,1,1
31.207.89.76,7600,0,0
77.68.20.217,32000,1,1
138.201.155.29,6600,0,0
185.195.237.116,3400,1,0
94.46.171.221,3400,1,0
89.58.5.0,25000,1,1
46.4.233.104,19000,1,0
178.175.148.218,5300,1,0
135.148.149.23,47000,1,0
195.177.252.5,19000,1,0
23.129.64.226,15000,1,0
154.26.138.83,5600,0,0
217.112.131.24,5300,0,1
92.222.79.186,10000,1,0
37.221.67.143,6000,1,0
204.194.29.4,2800,0,0
185.124.240.109,7900,0,1
46.41.137.28,10000,1,0
75.11.56.231,2500,0,1
185.192.96.170,18000,1,1
135.148.53.55,60000,1,0
78.94.213.43,3000,1,0
94.140.112.195,19000,0,0
185.220.101.70,30000,1,1
95.214.53.210,30000,1,0
185.241.208.202,17000,1,0
141.98.136.79,35000,1,0
104.244.72.20,22000,1,0
178.32.220.61,7000,1,0
51.158.231.208,33000,0,1
81.7.16.177,17000,1,0
193.108.118.218,27000,1,1
195.230.168.83,4800,1,0
23.137.57.100,11000,1,0
51.68.197.220,29000,1,0
185.82.126.83,14000,0,0
178.254.6.130,49000,0,0
98.128.173.1,38000,1,0
199.249.230.88,4300,1,1
185.181.61.115,32000,1,0
104.149.136.105,3400,0,0
193.142.147.198,11000,1,0
104.192.1.138,46000,0,0
185.220.101.39,33000,1,1
45.63.35.227,1300,1,1
5.79.109.48,3900,1,0
199.249.230.171,20000,1,1
192.234.196.169,3500,1,1
137.186.15.46,42000,1,1
185.130.46.141,16000,1,0
77.74.80.240,12000,1,0
217.160.101.137,17000,1,1
65.108.10.141,38000,1,0
141.144.247.137,3300,0,1
51.15.142.0,20000,0,1
138.201.55.77,29000,0,0
198.98.58.160,3700,1,0
205.185.124.164,5000,1,0
51.15.75.120,13000,0,1
141.79.10.16,38000,1,1
185.183.157.127,2300,1,1
188.68.49.235,1800,1,1
51.15.124.93,27000,0,1
204.85.191.8,4000,0,0
185.220.101.200,21000,1,1
185.220.101.196,28000,1,1
193.189.100.196,35000,1,0
89.58.57.25,28000,1,1
45.136.29.221,34000,1,1
79.143.181.221,13000,1,1
101.58.43.186,27000,1,0
167.235.15.221,6500,1,0
193.183.98.224,6000,0,0
135.148.53.62,63000,1,0
79.124.60.174,2400,0,0
144.21.35.217,12000,0,1
161.97.141.119,6000,1,1
65.39.97.13,5800,0,0
200.122.181.2,3000,1,0
37.221.66.249,5600,1,0
51.77.140.69,19000,1,0
37.221.193.44,2800,1,1
207.244.238.230,5100,0,0
51.77.71.247,32000,1,0
217.79.181.76,38000,1,1
185.175.56.120,7400,0,0
13.39.76.226,2100,1,0
77.32.108.46,2200,1,0
90.5.145.12,26000,1,1
192.211.48.226,35000,1,0
92.60.37.105,15000,1,1
199.241.137.182,4700,0,0
176.114.200.11,7200,0,0
199.249.230.71,5600,1,1
94.23.194.134,7200,1,0
148.251.81.16,10000,0,0
192.33.91.187,55000,1,0
144.76.159.218,75000,0,0
185.32.222.237,34000,1,0
85.226.159.174,5400,1,1
93.95.227.7,1700,0,0
185.177.127.34,60000,1,0
31.6.70.71,17000,1,0
193.239.232.102,32000,1,0
185.220.101.69,32000,1,1
5.255.99.16,2700,1,1
195.122.183.170,10000,0,1
2.56.98.121,1900,1,1
199.249.230.110,3500,1,1
65.109.126.37,21000,1,0
81.169.129.169,31000,1,1
202.61.236.66,12000,1,1
31.16.91.250,5700,0,0
46.254.19.113,8000,1,0
92.247.48.183,8100,1,0
51.38.148.101,33000,1,0
51.158.191.33,4200,0,1
171.22.130.82,7500,1,0
74.82.47.194,3800,1,1
185.35.200.250,7700,1,1
143.47.244.209,3900,0,1
83.212.100.100,6000,1,1
83.212.117.37,6900,1,1
69.197.160.206,11000,1,1
179.43.128.16,4500,0,1
185.220.101.204,30000,1,1
185.225.69.91,2900,0,1
37.252.190.176,13000,1,0
23.111.189.202,34000,1,0
188.61.80.105,6100,1,1
192.42.116.16,44000,0,1
194.34.132.51,4900,0,0
134.195.196.69,14000,0,0
162.255.84.248,6200,1,1
46.148.21.35,6900,1,0
167.179.99.77,1500,0,1
185.220.103.5,53000,1,1
146.70.120.58,24000,0,1
192.160.102.164,5900,0,0
51.38.235.40,15000,1,0
143.47.34.118,4400,0,1
37.252.255.135,45000,1,0
23.88.75.73,55000,1,0
80.82.78.14,9500,1,1
198.251.88.70,19000,1,0
103.54.56.114,4800,0,1
176.9.38.121,70000,1,0
185.220.102.251,40000,1,1
185.220.101.43,27000,1,1
148.251.237.219,72000,0,0
185.220.102.245,53000,1,1
107.189.28.95,18000,1,0
89.58.27.84,41000,1,1
193.122.15.219,21000,0,1
51.148.150.203,33000,1,1
141.95.15.185,52000,1,0
185.220.101.197,25000,1,1
131.153.152.122,58000,1,0
83.159.242.236,3100,1,1
109.87.25.148,6800,1,1
129.159.243.176,19000,0,1
37.221.66.247,7700,1,0
185.220.101.67,30000,1,1
51.15.237.146,17000,0,1
198.251.68.144,31000,1,1
216.210.69.82,2700,0,1
81.16.33.38,6700,0,0
66.206.0.82,110000,1,0
95.215.45.188,26000,0,0
23.137.251.62,29000,1,0
162.251.116.10,81000,1,0
192.87.28.82,4000,1,1
2.204.217.239,1700,0,0
104.192.3.74,78000,0,0
185.241.208.163,27000,1,0
54.38.33.66,36000,1,0
132.145.79.99,13000,0,1
162.247.74.213,48000,0,1
199.184.246.250,27000,0,0
93.95.231.124,2200,0,0
107.189.14.4,6900,1,0
85.10.240.250,2700,1,0
213.252.244.3,15000,1,0
188.68.46.245,22000,1,1
45.61.186.203,3400,1,0
193.111.115.210,17000,0,0
185.220.102.242,38000,1,1
147.135.65.26,76000,1,0
185.119.117.140,4600,1,0
5.9.137.167,16000,1,0
148.251.22.104,58000,0,0
51.75.70.246,12000,1,0
51.77.212.124,20000,1,0
95.214.53.216,31000,1,0
37.221.67.50,5400,1,0
179.43.139.213,3300,0,1
15.204.11.249,910,1,0
185.73.211.9,8900,1,0
178.254.45.163,20000,0,0
193.30.123.113,16000,1,1
193.218.118.100,11000,1,0
193.189.100.205,36000,1,0
95.217.0.139,6300,1,0
148.252.96.77,14000,1,0
37.120.185.171,36000,1,1
135.125.89.25,18000,1,0
185.220.101.37,32000,1,1
192.42.113.102,58000,0,1
83.227.44.238,27000,1,1
185.254.75.55,12000,1,0
193.189.100.206,31000,1,0
37.218.242.26,18000,1,0
192.210.160.107,18000,1,0
130.61.16.129,29000,0,1
94.140.115.114,7600,0,0
23.81.66.90,40000,0,0
81.169.134.23,12000,1,1
73.41.44.199,1400,1,0
179.43.134.242,7600,0,1
144.217.95.12,20000,1,0
51.81.93.37,55000,1,0
87.236.195.198,38000,1,1
82.149.227.125,20000,1,1
174.34.132.72,13000,0,0
92.35.20.235,4400,1,1
137.74.119.109,17000,1,0
87.106.193.56,14000,1,1
195.192.220.24,2600,1,0
107.152.46.201,7300,0,0
199.249.230.173,17000,1,1
51.15.218.190,39000,0,1
91.208.197.41,6000,1,0
170.39.215.42,1300,1,0
23.129.64.210,16000,1,0
107.189.5.25,26000,1,0
15.204.142.37,100000,1,0
195.144.21.182,17000,0,1
95.214.53.96,31000,1,0
51.15.59.15,20000,0,1
104.244.77.80,23000,1,0
23.141.40.7,4200,1,0
89.117.113.68,1000,1,0
176.123.8.5,8300,1,0
107.189.5.121,26000,1,0
85.214.42.55,6800,1,1
185.217.0.96,23000,1,0
199.249.230.167,19000,1,1
185.243.218.153,27000,1,0
172.105.14.136,32000,1,1
102.130.113.9,2900,0,0
107.189.30.236,27000,1,0
82.165.244.94,37000,1,1
107.189.13.91,4600,1,0
89.58.17.212,8500,1,1
151.115.77.111,27000,0,1
46.38.232.203,46000,1,1
172.10.228.214,43000,1,1
217.79.178.53,23000,1,1
91.223.82.197,33000,0,0
104.152.209.217,8700,0,0
144.172.118.45,2400,0,0
95.211.205.138,6500,1,0
174.128.250.166,7400,0,0
199.249.230.84,13000,1,1
190.2.133.227,11000,1,0
95.214.54.70,29000,1,0
205.185.118.246,6700,1,0
95.110.254.231,21000,1,0
72.167.47.69,7500,1,0
91.212.121.163,31000,1,0
92.205.129.7,99000,1,0
104.149.136.105,4100,0,0
195.176.3.24,23000,1,0
185.225.69.90,2900,0,1
87.236.195.203,20000,1,1
202.61.197.91,27000,1,1
178.17.174.198,3800,1,0
193.108.118.209,42000,1,1
80.64.218.42,27000,1,0
172.241.224.145,6700,0,0
185.220.101.55,41000,1,1
46.41.150.10,12000,1,0
91.203.145.116,7100,0,0
185.207.107.130,2500,1,1
144.24.197.18,15000,0,1
45.136.28.24,29000,1,1
5.9.80.217,35000,1,0
46.226.106.182,20000,1,1
107.189.11.68,32000,1,0
95.214.53.96,32000,1,0
188.214.132.49,27000,1,1
199.241.137.60,6100,0,0
82.165.101.234,30000,1,1
95.153.31.8,3500,1,0
185.243.218.61,17000,1,0
193.218.118.117,3200,1,0
188.68.40.46,1800,1,1
193.56.240.157,22000,0,0
91.219.60.67,5100,0,0
172.107.227.246,4200,0,0
45.134.225.36,24000,1,0
80.67.172.162,37000,1,1
185.86.150.58,19000,0,0
178.254.45.64,46000,0,0
178.218.144.51,19000,1,0
62.141.37.218,28000,1,1
171.25.193.77,28000,0,0
198.16.70.10,28000,0,1
185.220.101.210,21000,1,1
88.198.77.51,4200,1,0
107.189.7.144,23000,1,0
45.145.226.48,45000,1,1
185.220.101.203,37000,1,1
195.80.151.30,3100,1,0
84.60.31.214,1600,0,0
80.49.215.7,17000,1,0
185.243.218.200,20000,1,0
62.210.114.189,35000,1,1
71.218.153.207,8400,0,1
94.103.188.80,3500,1,0
81.225.229.60,40000,1,1
82.66.10.17,7000,1,1
82.64.223.54,15000,1,1
78.159.117.165,32000,0,0
185.246.188.67,42000,1,0
89.163.128.26,37000,1,1
172.107.226.22,66000,0,0
144.217.72.198,47000,1,0
217.182.196.65,26000,1,0
185.220.103.116,46000,1,1
94.247.42.173,2400,1,0
94.23.121.39,29000,1,0
185.220.102.252,56000,1,1
95.211.208.141,52000,1,0
51.15.219.22,22000,0,1
94.46.171.245,2800,1,0
193.203.202.129,2000,1,0
107.189.31.232,20000,1,0
209.141.37.233,10000,1,0
141.144.197.7,4100,0,1
54.37.139.118,16000,1,0
45.61.184.112,11000,1,0
23.88.131.93,12000,1,0
37.120.194.126,6100,0,1
95.216.13.55,53000,1,0
199.249.230.158,19000,1,1
89.234.157.254,28000,0,0
212.227.206.135,24000,1,1
86.120.105.193,3600,1,1
104.217.251.86,17000,0,0
50.126.64.134,1800,1,0
45.90.58.97,3200,1,1
23.135.248.225,7800,0,0
185.220.103.119,67000,1,1
188.149.195.248,3500,1,0
148.251.136.16,54000,0,0
171.25.193.78,21000,0,0
51.15.135.54,12000,0,1
46.4.66.178,120000,1,0
178.254.43.240,21000,0,0
89.234.157.254,21000,0,0
185.228.138.252,19000,1,1
78.80.148.238,23000,1,0
23.146.184.21,13000,1,0
147.135.16.185,41000,1,0
89.39.104.175,93000,1,0
185.220.101.193,20000,1,1
185.244.24.12,32000,1,0
107.189.13.253,24000,1,0
144.21.52.220,30000,0,1
209.141.34.199,3600,1,0
172.104.143.42,14000,1,1
89.203.249.226,4500,1,1
193.108.118.218,22000,1,1
89.185.109.216,36000,0,0
199.168.103.138,7700,1,0
74.207.234.100,28000,1,1
194.13.81.26,14000,1,1
185.243.218.152,27000,1,0
65.109.16.187,68000,1,0
185.243.218.202,34000,1,0
199.249.230.73,13000,1,1
5.182.38.209,3200,1,0
23.129.64.222,12000,1,0
62.210.189.40,12000,1,1
2.58.56.212,14000,1,0
185.241.208.101,23000,1,0
199.249.230.161,15000,1,1
37.120.176.112,28000,1,1
45.61.185.249,13000,1,0
194.126.174.190,8400,1,0
71.163.253.2,5400,1,0
185.220.100.253,68000,1,0
146.190.62.9,7600,1,0
141.147.36.84,3400,0,1
94.140.112.56,17000,0,0
104.244.75.74,6700,1,0
185.220.101.193,19000,1,1
185.239.222.242,17000,0,0
188.165.236.18,4200,1,0
185.220.101.211,28000,1,1
213.227.133.129,28000,1,0
82.66.10.17,7500,1,1
130.162.218.212,13000,0,1
185.165.190.167,2900,0,1
23.135.248.228,8300,0,0
193.30.123.23,5700,1,1
204.8.156.142,6500,0,1
202.61.202.100,9500,1,1
71.19.155.121,4600,0,1
77.162.229.73,31000,1,1
148.251.83.53,56000,0,0
51.83.132.103,13000,1,0
195.123.212.228,6900,1,0
135.148.150.100,74000,1,0
152.70.165.114,7800,0,1
194.147.140.104,16000,1,0
185.66.91.18,8600,1,1
95.214.53.210,33000,1,0
83.45.6.125,4000,0,1
64.42.176.50,8700,0,0
144.172.118.36,20000,0,0
178.202.108.105,4100,1,0
185.230.163.204,12000,1,0
107.189.11.166,18000,1,0
176.123.2.99,6100,1,0
185.243.218.204,30000,1,0
152.89.104.58,28000,1,1
212.24.100.138,11000,1,0
195.123.228.129,3200,1,0
213.252.245.202,7600,1,0
64.5.123.66,10000,0,0
213.156.137.68,3200,1,0
135.148.52.158,50000,1,0
37.120.179.28,30000,1,1
68.67.32.31,38000,0,0
74.208.136.53,7300,1,1
185.82.217.49,7400,1,0
95.217.143.119,6000,1,0
23.135.248.227,7300,0,0
78.135.73.151,6300,1,0
159.69.36.3,13000,1,0
188.68.52.231,9300,1,1
194.163.173.185,23000,1,1
174.21.187.95,11000,0,1
185.117.118.142,3600,1,0
128.31.0.61,32000,0,0
95.216.2.172,26000,1,0
109.201.133.100,7800,1,0
78.46.85.216,21000,1,0
89.58.49.77,12000,1,1
128.140.13.67,13000,1,0
37.153.1.10,24000,1,0
107.189.5.217,28000,1,0
185.220.101.64,31000,1,1
142.202.48.102,66000,0,1
185.241.208.232,20000,1,0
148.251.151.125,38000,0,0
185.220.102.248,37000,1,1
98.128.202.87,20000,1,0
74.91.26.170,51000,1,0
45.61.185.114,9200,1,0
143.47.232.191,27000,0,1
84.239.46.144,16000,1,0
31.131.2.17,1900,1,0
188.68.43.192,18000,1,1
77.91.102.147,12000,1,0
51.158.147.152,18000,0,1
185.142.239.49,32000,0,1
46.252.3.115,5600,1,0
185.220.100.255,59000,1,0
51.158.201.235,41000,0,1
192.24.210.7,7400,0,0
65.21.56.56,12000,1,0
81.169.173.113,15000,1,1
172.106.112.50,44000,0,0
185.220.100.254,49000,1,0
185.220.100.253,38000,1,0
185.25.51.97,18000,1,0
65.108.136.190,24000,1,0
91.208.197.112,2400,1,0
173.212.254.192,13000,1,1
185.220.101.35,42000,1,1
46.4.66.188,62000,1,0
149.143.97.114,2200,1,1
146.19.213.120,11000,1,0
185.220.101.83,41000,1,1
185.220.101.202,26000,1,1
92.204.40.241,47000,1,0
212.46.38.74,2000,0,0
185.220.101.192,27000,1,1
185.220.102.246,45000,1,1
162.251.116.26,84000,1,0
185.241.208.204,22000,1,0
192.42.116.23,20000,0,1
46.246.44.53,17000,1,1
94.230.208.147,25000,1,0
51.81.56.136,36000,1,0
51.68.204.139,17000,1,0
213.144.135.22,62000,1,0
185.220.102.252,34000,1,1
37.221.192.121,23000,1,1
185.220.101.50,25000,1,1
185.239.222.243,22000,0,0
95.216.3.166,26000,1,0
188.127.69.60,77000,0,1
51.15.36.183,19000,0,1
95.141.83.146,31000,1,1
51.15.65.243,24000,0,1
158.58.173.209,39000,0,0
37.59.29.77,60000,1,0
207.180.216.146,15000,1,1
95.142.161.63,2900,1,1
178.17.174.164,9100,1,0
193.124.176.104,4700,1,0
88.99.2.111,98000,1,0
95.216.22.22,40000,1,0
37.75.172.142,9900,0,1
217.79.178.53,22000,1,1
185.162.251.94,18000,1,1
199.249.230.74,2500,1,1
199.249.230.184,4300,1,1
205.185.123.93,4600,1,0
93.95.227.46,11000,0,0
31.201.232.247,16000,1,0
82.223.14.245,18000,1,1
185.220.101.77,32000,1,1
195.176.3.23,34000,1,0
45.80.171.211,5400,1,0
31.171.155.114,25000,1,1
93.118.34.246,14000,1,0
178.17.170.77,2800,1,0
144.76.50.37,18000,0,0
45.158.77.29,24000,1,0
23.129.32.123,2600,1,1
207.90.195.84,7600,0,0
93.51.14.78,4300,1,0
185.100.87.141,25000,1,0
37.221.66.254,5400,1,0
63.141.233.118,6700,1,0
5.45.77.88,7800,1,0
192.99.151.170,3900,1,0
94.16.118.250,9300,1,1
46.183.219.171,14000,1,0
193.105.73.80,4900,1,0
104.57.231.26,3100,1,1
185.129.61.5,36000,1,0
192.42.116.14,19000,0,1
51.15.49.143,19000,0,1
199.249.230.70,10000,1,1
15.235.29.233,9700,1,0
185.117.82.68,52000,1,0
192.42.116.27,18000,0,1
140.238.168.214,4000,0,1
213.206.184.75,7900,1,0
51.15.227.109,11000,0,1
77.68.88.55,6100,1,1
89.46.100.71,3400,0,1
176.9.161.22,96000,1,0
45.154.98.176,35000,1,0
199.249.230.105,3600,1,1
185.220.101.78,27000,1,1
216.210.83.180,2000,0,1
89.163.128.29,33000,1,1
161.35.203.128,8400,1,0
140.238.145.127,4500,0,1
46.28.110.244,7000,0,0
46.20.35.116,41000,1,1
51.75.161.78,34000,1,0
193.189.100.199,33000,1,0
45.141.0.102,35000,0,0
185.112.156.109,10000,1,0
45.142.100.30,2000,1,0
194.180.174.45,9400,1,0
104.244.76.24,12000,1,0
88.99.86.9,5700,1,0
135.148.150.99,69000,1,0
107.189.8.45,19000,1,0
194.233.75.85,1700,1,0
178.218.144.99,46000,1,0
85.164.243.171,7600,1,1
104.244.75.33,31000,1,0
38.97.116.244,170000,0,0
62.171.142.3,5800,1,1
199.249.230.82,3800,1,1
163.172.151.157,15000,0,1
144.76.199.183,95000,0,0
23.129.64.224,17000,1,0
37.75.166.2,30000,0,1
209.141.58.72,4500,1,0
31.171.154.165,13000,1,1
95.214.55.43,35000,1,0
78.47.134.196,7900,1,0
94.156.175.85,34000,1,0
185.38.175.133,6600,1,0
188.68.49.3,2200,1,1
45.145.166.104,30000,1,0
172.106.112.46,61000,0,0
31.165.21.216,21000,1,0
51.81.56.74,69000,1,0
185.246.188.73,52000,1,0
104.244.79.44,12000,1,0
185.220.101.77,30000,1,1
93.95.230.243,13000,0,0
94.142.244.16,27000,1,1
172.106.112.250,84000,0,0
185.217.95.25,16000,1,0
135.148.52.241,55000,1,0
65.21.85.98,49000,1,0
167.86.112.42,5500,1,1
77.68.30.104,12000,1,1
208.94.242.26,4900,1,0
185.239.222.252,20000,0,0
193.200.241.189,16000,1,1
185.220.101.75,34000,1,1
37.221.66.248,5100,1,0
188.40.220.196,2400,1,0
199.249.230.183,16000,1,1
74.123.98.18,32000,1,0
194.233.74.31,4900,1,0
162.231.171.29,3100,1,1
95.217.112.245,26000,1,0
68.148.242.19,5800,1,0
185.220.102.250,31000,1,1
185.207.105.173,18000,1,1
178.20.55.16,43000,1,1
45.91.101.227,15000,1,0
45.15.16.245,6300,1,0
51.195.121.102,31000,1,0
199.249.230.148,21000,1,1
185.220.101.49,38000,1,1
45.141.215.67,28000,1,0
81.6.46.82,29000,1,0
51.210.4.141,35000,1,0
151.115.48.102,11000,0,1
51.81.56.229,90000,1,0
138.68.87.213,2300,0,0
208.109.36.224,4800,1,0
199.249.230.67,4600,1,1
141.147.4.66,2600,0,1
82.220.38.150,12000,1,0
185.129.61.7,31000,1,0
194.55.13.49,37000,1,1
107.189.30.236,19000,1,0
184.174.38.53,15000,1,1
152.70.175.13,2600,0,1
64.4.175.33,3700,1,0
212.227.206.229,39000,1,1
23.82.136.232,36000,0,1
45.154.98.176,36000,1,0
23.137.249.185,6700,1,0
65.109.16.131,24000,1,0
216.250.119.225,15000,1,1
138.59.18.110,5000,1,0
5.45.102.68,2300,1,1
51.75.153.22,80000,1,0
103.251.167.20,33000,1,1
104.152.211.147,4000,0,0
171.22.130.82,6500,1,0
144.217.80.80,15000,1,0
51.91.58.34,25000,1,0
209.141.54.168,2300,1,0
185.220.101.198,29000,1,1
51.15.40.38,18000,0,1
80.92.204.251,4900,1,0
149.56.185.56,36000,1,0
23.137.249.8,3300,1,0
142.132.151.131,25000,1,0
37.120.184.36,20000,1,1
192.42.116.25,18000,0,1
95.217.121.38,15000,1,0
192.184.160.99,2000,1,0
185.220.101.211,20000,1,1
195.122.183.171,14000,0,1
143.47.229.52,15000,0,1
83.255.155.80,1800,1,0
212.227.148.248,26000,1,1
157.90.7.237,25000,1,0
5.254.118.191,5800,1,1
194.76.227.150,2100,1,0
185.220.101.74,28000,1,1
162.247.74.200,40000,0,1
185.217.0.85,4700,1,0
188.166.186.162,1900,1,0
82.64.238.84,18000,1,1
65.21.110.38,30000,1,0
62.112.10.154,15000,1,0
199.249.230.140,16000,1,1
185.239.222.255,16000,0,0
185.239.222.247,25000,0,0
62.63.203.157,6500,1,0
212.227.224.217,74000,1,1
185.220.101.63,32000,1,1
199.249.230.159,26000,1,1
199.249.230.172,21000,1,1
199.249.230.177,17000,1,1
99.149.215.67,4900,0,1
162.251.117.10,34000,1,0
132.145.22.208,41000,0,1
107.189.5.7,19000,1,0
199.249.230.170,9300,1,1
172.106.167.50,57000,0,0
46.4.78.148,73000,1,0
185.112.83.160,12000,1,0
91.233.116.51,4300,0,0
80.104.168.136,1800,0,0
37.228.129.128,11000,1,0
94.130.185.68,20000,1,0
139.59.92.164,2000,1,0
91.229.76.124,12000,0,0
173.212.200.241,14000,1,1
5.45.104.176,13000,1,1
185.220.102.243,35000,1,1
152.86.13.25,2900,0,0
95.141.83.155,30000,1,1
178.211.147.22,9500,1,0
62.182.84.146,13000,1,1
81.251.205.151,9900,1,1
95.214.53.221,40000,1,0
103.251.167.20,44000,1,1
81.169.240.47,12000,1,1
185.44.81.21,20000,1,0
51.159.34.131,14000,0,1
164.68.106.94,17000,1,1
207.180.230.175,9900,1,1
206.192.255.36,2600,0,0
31.164.230.52,1500,1,0
192.42.116.18,22000,0,1
129.146.138.146,11000,0,1
205.185.119.35,1900,1,0
178.254.38.159,10000,0,0
188.68.49.3,2200,1,1
91.228.52.8,8500,0,0
192.121.44.27,14000,0,1
172.241.140.26,44000,0,0
185.220.101.202,25000,1,1
109.238.11.6,22000,1,0
199.195.251.78,6000,0,0
176.10.107.180,20000,1,0
157.90.92.115,29000,1,0
93.115.26.40,47000,1,1
130.225.244.90,60000,1,0
138.201.196.252,91000,0,0
107.189.12.101,2200,1,0
46.4.32.184,12000,1,0
91.143.80.230,7900,1,0
75.130.228.226,1900,1,0
116.202.233.112,78000,1,0
91.208.184.123,4800,1,0
136.56.162.46,52000,0,0
164.215.1.110,3700,1,1
179.43.159.201,29000,0,1
128.0.64.148,31000,0,0
202.61.197.87,34000,1,1
185.195.71.244,30000,1,1
185.220.101.35,41000,1,1
95.216.184.8,4200,1,0
62.210.105.46,22000,1,1
178.63.40.99,84000,1,0
185.220.101.206,23000,1,1
134.202.120.22,65000,0,0
174.128.250.163,8300,0,0
114.34.165.141,2300,1,0
83.229.71.97,4500,1,0
51.15.4.202,12000,0,1
80.64.218.43,23000,1,0
95.216.198.252,3400,1,0
95.216.5.245,94000,1,0
89.163.128.25,28000,1,1
178.254.44.176,26000,0,0
185.239.222.246,17000,0,0
45.135.167.11,11000,1,0
185.125.171.101,74000,1,0
37.187.147.119,35000,1,0
194.233.75.18,5300,1,0
46.4.96.24,75000,1,0
104.57.231.26,4700,1,1
46.226.105.163,18000,1,1
144.76.166.199,67000,0,0
185.191.204.254,5800,1,0
199.249.230.186,28000,1,1
185.170.114.25,14000,1,1
95.230.122.163,7000,0,0
103.251.167.10,40000,1,1
94.140.112.74,15000,0,0
212.227.148.228,9200,1,1
188.165.6.66,3300,1,0
172.106.167.62,87000,0,0
5.9.156.17,7700,1,0
23.129.64.229,12000,1,0
199.249.230.123,24000,1,1
99.19.15.91,6900,0,1
178.17.174.14,5100,1,0
95.216.178.53,4300,1,0
51.195.152.241,3900,1,0
23.184.48.128,4200,1,0
185.104.142.231,3500,0,0
95.238.36.233,5700,0,0
199.249.230.111,4800,1,1
37.120.185.151,3700,1,1
206.81.4.217,24000,1,0
142.93.169.197,12000,1,0
5.45.106.197,8600,1,1
185.244.192.175,13000,1,1
89.163.128.26,37000,1,1
64.31.55.213,10000,0,0
185.244.194.156,5000,1,1
85.208.144.164,26000,1,0
212.129.62.232,31000,1,1
89.58.15.141,33000,1,1
146.0.36.21,33000,1,1
46.165.253.196,28000,0,0
144.76.199.183,77000,0,0
93.180.157.154,8900,1,0
107.152.35.142,1900,0,0
80.64.218.82,11000,1,0
91.203.144.194,9900,0,0
109.230.17.59,6200,0,0
80.92.204.251,8000,1,0
161.97.166.49,28000,1,1
77.173.29.111,3100,1,1
51.15.59.15,25000,0,1
46.20.35.112,24000,1,1
95.217.164.89,42000,1,0
192.42.115.101,44000,0,1
199.249.230.64,15000,1,1
38.147.122.251,7100,0,1
74.123.97.26,20000,1,0
185.38.175.130,10000,1,0
64.31.55.211,8100,0,0
178.63.41.58,70000,1,0
104.244.73.190,19000,1,0
82.149.227.236,50000,1,1
38.68.135.5,16000,0,1
107.189.12.3,25000,1,0
82.165.20.161,3400,1,1
89.147.109.13,13000,0,0
185.174.135.11,9500,1,1
91.232.37.241,7400,1,1
65.49.20.11,6500,1,1
38.147.122.250,9300,0,1
138.2.176.225,2100,0,1
51.77.59.234,25000,1,0
128.232.18.58,1900,0,0
45.141.215.67,30000,1,0
198.24.164.98,63000,1,0
185.220.101.197,29000,1,1
172.106.9.14,75000,0,0
194.15.115.94,2500,1,1
23.129.64.214,17000,1,0
162.55.131.67,56000,1,0
109.230.224.151,12000,1,0
95.214.53.221,31000,1,0
51.15.76.56,38000,0,1
185.120.77.117,2200,1,0
90.255.244.127,19000,0,0
185.7.33.146,26000,1,0
217.23.8.2,14000,1,0
80.125.71.115,16000,1,0
185.220.101.68,27000,1,1
94.16.112.22,37000,1,1
185.67.45.100,17000,0,0
190.211.254.192,6600,0,1
144.76.175.205,30000,0,0
212.47.233.86,21000,1,1
130.225.244.90,76000,1,0
82.128.229.109,26000,1,1
185.82.126.17,18000,0,0
141.147.45.13,31000,0,1
116.203.159.176,4200,1,0
107.189.8.56,24000,1,0
190.2.154.253,15000,1,0
51.15.150.228,25000,0,1
23.137.251.61,36000,1,0
62.210.205.228,84000,1,1
185.235.146.29,26000,0,0
185.241.208.204,16000,1,0
193.56.240.142,16000,0,0
104.217.251.201,20000,0,0
195.176.3.19,19000,1,0
176.126.253.190,11000,0,0
46.148.21.67,8400,1,0
5.161.153.38,3700,1,0
185.139.228.158,5000,1,1
199.249.230.100,4200,1,1
83.97.20.84,2800,0,1
45.86.86.231,11000,1,0
185.220.101.194,26000,1,1
178.202.92.113,5400,1,0
93.186.200.169,6600,1,1
104.244.79.61,3300,1,0
198.98.60.158,25000,1,0
78.73.40.247,5800,1,1
185.241.208.179,23000,1,0
159.69.91.16,8300,1,0
193.26.159.199,32000,1,1
45.9.60.140,28000,1,1
87.62.96.246,19000,1,1
185.207.107.216,13000,1,1
188.213.31.125,9300,1,0
51.89.81.247,56000,1,0
199.249.230.101,4900,1,1
23.134.136.5,5600,1,0
91.203.145.114,5400,0,0
91.203.5.118,7400,1,0
107.174.138.172,18000,1,0
185.100.87.61,26000,1,0
213.128.141.195,9300,1,0
193.243.190.183,26000,1,0
129.152.8.9,3000,0,1
51.159.195.41,34000,0,1
96.248.88.12,52000,1,0
195.201.94.113,2000,1,0
82.197.199.203,8300,1,1
185.220.101.203,23000,1,1
185.220.101.76,45000,1,1
199.249.230.141,34000,1,1
178.128.241.183,24000,1,0
51.75.162.55,13000,1,0
108.172.42.214,17000,1,1
130.193.15.79,7000,1,0
188.95.39.230,12000,1,0
158.69.205.92,7700,1,0
185.106.94.195,17000,1,0
93.115.86.6,20000,1,1
83.245.164.239,19000,1,1
69.197.160.206,10000,1,1
161.97.67.106,8400,1,1
185.220.101.205,19000,1,1
173.212.239.78,3300,1,1
141.148.237.212,19000,0,1
71.192.152.8,1100,1,0
62.210.105.46,16000,1,1
135.125.255.47,12000,1,0
45.158.77.29,31000,1,0
50.230.231.84,8400,1,0
149.202.84.199,37000,1,0
212.51.143.214,8000,1,0
176.10.191.231,5100,1,0
185.133.210.207,2700,1,0
178.63.3.190,47000,1,0
5.9.200.114,21000,1,0
144.76.201.253,61000,0,0
185.130.44.178,16000,1,0
136.58.8.191,3100,0,0
91.133.95.14,4000,0,1
185.204.1.83,3600,1,0
137.193.65.224,2600,1,1
135.181.37.113,7300,1,0
51.81.201.207,6400,1,0
135.148.52.231,44000,1,0
68.169.160.43,11000,0,1
45.95.169.161,5300,1,0
185.220.102.249,30000,1,1
72.89.203.211,6900,1,0
62.171.137.169,5000,1,1
81.191.118.49,18000,1,0
185.220.102.248,33000,1,1
23.238.170.206,65000,0,0
135.181.213.167,78000,1,0
51.81.155.81,5300,1,0
147.135.114.245,6600,1,0
89.147.109.233,12000,0,0
213.144.135.21,72000,1,0
107.189.28.157,19000,1,0
213.252.245.153,13000,1,0
89.58.17.234,21000,1,1
162.255.84.47,45000,1,1
87.151.247.195,5100,1,0
162.251.166.210,8300,0,0
217.82.123.75,6500,1,0
188.68.50.157,22000,1,1
178.162.194.210,13000,0,0
66.206.4.26,44000,1,0
87.236.199.239,24000,1,1
185.44.81.21,21000,1,0
185.220.101.62,32000,1,1
85.215.88.244,17000,1,1
51.38.64.149,22000,1,0
45.138.16.231,21000,1,0
185.243.10.170,18000,1,1
51.15.138.196,35000,0,1
192.42.116.19,20000,0,1
51.159.31.210,31000,0,1
185.241.208.170,19000,1,0
198.96.155.3,110000,0,0
195.176.3.23,17000,1,0
104.149.136.105,4300,0,0
195.201.63.203,82000,1,0
185.220.101.210,29000,1,1
185.177.126.118,110000,1,0
46.41.139.133,12000,1,0
62.210.244.146,31000,1,1
86.115.32.179,10000,1,1
185.216.35.222,36000,0,1
188.138.33.149,24000,1,0
31.220.93.201,35000,1,1
50.230.231.84,3000,1,0
185.213.208.164,21000,1,1
83.212.96.97,6300,1,1
135.148.54.106,51000,1,0
89.105.216.106,51000,1,1
188.68.57.225,2600,1,1
195.123.228.151,9300,1,0
45.140.143.143,19000,1,0
108.172.42.214,18000,1,1
51.89.106.29,41000,1,0
185.220.101.34,34000,1,1
188.40.142.18,37000,1,0
144.168.44.18,35000,1,0
195.176.3.19,23000,1,0
213.113.6.230,67000,1,1
18.18.82.18,22000,0,0
193.160.32.19,2200,0,0
77.58.105.34,2200,1,1
107.189.12.3,23000,1,0
95.214.234.103,16000,1,1
95.153.32.22,23000,1,0
155.248.193.178,2100,0,1
188.68.46.164,2900,1,1
85.239.55.237,6100,1,0
78.46.123.26,80000,1,0
163.172.182.26,27000,0,1
176.126.70.55,26000,0,0
45.35.85.122,27000,0,0
38.154.239.242,120000,0,0
192.160.102.169,6100,0,0
50.230.231.85,2500,1,0
94.142.241.194,22000,1,1
78.142.18.219,29000,0,0
185.232.68.32,17000,1,1
176.123.1.208,8600,1,0
185.129.61.2,29000,1,0
15.204.141.14,48000,1,0
51.15.246.170,8100,0,1
37.120.174.24,30000,1,1
77.123.155.45,13000,1,0
194.36.89.57,4200,1,0
162.55.134.240,42000,1,0
31.42.186.165,9400,1,1
87.229.85.197,7600,0,0
173.63.245.58,7000,1,0
178.254.20.159,22000,0,0
192.99.35.91,46000,1,0
94.140.114.76,18000,0,0
195.230.23.248,35000,0,0
176.123.7.79,12000,1,0
86.86.173.62,7600,1,1
185.220.101.46,26000,1,1
51.15.242.244,34000,0,1
51.81.72.213,100000,1,0
45.142.112.70,15000,1,0
194.76.137.148,1300,1,0
109.98.208.42,15000,1,0
104.149.140.69,7200,0,0
89.163.178.20,18000,1,1
185.241.208.206,19000,1,0
107.189.13.164,2800,1,0
185.51.10.106,20000,1,0
89.58.43.44,27000,1,1
5.12.14.108,4800,1,1
209.141.51.30,5800,1,0
89.58.52.189,27000,1,1
185.220.101.36,35000,1,1
185.82.126.100,16000,0,0
78.142.18.219,27000,0,0
216.197.207.48,2500,1,0
87.118.122.51,3100,1,0
185.80.222.164,5400,0,1
95.216.3.171,54000,1,0
207.229.65.155,8300,0,0
65.108.136.183,27000,1,0
89.34.18.151,10000,0,0
78.46.193.215,10000,1,0
144.76.166.141,62000,0,0
135.148.149.23,71000,1,0
185.32.222.237,33000,1,0
109.122.221.11,21000,1,0
185.239.222.250,23000,0,0
65.109.67.182,28000,1,0
67.219.182.195,45000,1,0
95.216.12.30,56000,1,0
171.25.193.235,16000,0,0
185.220.101.52,39000,1,1
65.109.235.27,3100,1,0
172.106.19.130,56000,0,0
185.243.218.89,23000,1,0
185.241.208.206,19000,1,0
188.165.213.156,6300,1,0
45.83.243.164,8500,1,0
185.207.107.130,2900,1,1
37.221.195.103,20000,1,1
54.38.241.3,6000,1,0
107.189.6.118,22000,1,0
2.58.56.212,14000,1,0
204.85.191.9,3300,0,0
89.163.128.25,29000,1,1
104.238.167.111,20000,1,1
144.24.163.104,23000,0,1
216.212.12.140,17000,0,0
51.79.71.20,9200,1,0
93.95.230.245,2000,0,0
87.236.197.123,22000,1,1
185.103.110.86,4900,1,0
172.127.92.239,1300,0,1
104.149.141.229,7000,0,0
37.221.66.250,5600,1,0
37.218.245.79,12000,1,0
185.220.102.240,32000,1,1
193.56.240.98,26000,0,0
85.120.227.103,8000,1,1
185.4.134.104,6500,1,0
85.214.165.61,15000,1,1
89.58.45.45,5900,1,1
143.47.179.12,4400,0,1
185.220.101.207,33000,1,1
198.98.60.136,12000,1,0
136.37.102.111,8300,0,0
45.145.164.70,25000,1,0
45.90.161.141,67000,1,0
185.237.96.181,6300,1,0
138.88.145.114,26000,1,0
5.45.98.188,23000,1,1
199.249.230.69,4400,1,1
198.50.238.128,3200,1,0
144.172.118.67,3000,0,0
185.220.101.207,28000,1,1
158.69.204.36,9000,1,0
77.91.85.147,30000,0,0
45.132.158.199,5200,1,1
198.98.59.243,9600,1,0
5.45.98.162,3100,1,1
95.146.57.74,1700,0,0
195.201.176.173,29000,1,0
173.249.8.113,17000,1,1
38.132.178.154,3700,0,1
5.255.96.218,6500,1,1
5.255.101.24,14000,1,1
67.205.139.175,45000,1,0
185.239.222.244,17000,0,0
37.120.187.104,23000,1,1
185.220.102.241,37000,1,1
185.22.172.106,6500,0,0
82.77.176.145,5700,1,1
46.4.36.182,9200,1,0
192.160.102.165,10000,0,0
89.147.109.123,3500,0,0
130.61.168.243,2400,0,1
192.99.43.171,48000,1,0
185.232.68.39,38000,1,1
51.159.136.111,22000,0,1
5.196.71.158,3000,1,0
23.83.91.155,43000,0,0
193.111.26.37,13000,0,0
93.95.228.205,12000,0,0
142.132.157.35,96000,1,0
195.201.202.19,53000,1,0
176.199.190.183,2800,1,0
45.90.161.142,20000,1,0
79.172.193.65,69000,0,0
93.31.215.252,48000,1,0
185.119.119.164,17000,1,0
89.39.106.151,8900,1,0
199.170.132.80,7800,0,0
45.83.5.242,3300,1,0
104.217.255.218,24000,0,0
103.109.101.105,3100,1,0
45.142.112.70,15000,1,0
162.19.171.180,38000,1,0
95.141.83.146,29000,1,1
86.104.194.155,3000,1,0
37.228.129.24,23000,1,0
107.150.32.250,8800,1,0
51.81.48.10,46000,1,0
163.172.213.212,22000,0,1
37.120.190.6,7400,1,1
176.9.39.196,29000,1,0
173.249.51.4,10000,1,1
192.34.87.86,9100,1,0
185.56.83.83,130000,1,0
185.165.240.126,34000,1,0
92.205.129.119,72000,1,0
51.158.148.128,11000,0,1
199.249.230.87,2800,1,1
213.226.71.164,15000,1,0
5.254.118.192,7300,1,1
185.193.52.180,13000,1,0
199.249.230.115,3700,1,1
179.43.139.212,2900,0,1
157.90.183.103,84000,1,0
185.244.192.184,3000,1,1
45.14.233.159,28000,1,0
51.158.148.230,12000,0,1
107.189.31.225,35000,1,0
82.118.242.147,13000,0,0
5.135.199.11,16000,1,0
104.244.79.44,9500,1,0
172.105.35.201,4400,1,1
89.25.33.20,16000,1,1
104.149.142.217,3900,0,0
5.181.51.51,11000,1,1
188.68.56.103,1900,1,1
94.130.200.167,56000,1,0
185.22.172.106,18000,0,0
73.117.132.138,3100,1,0
217.12.203.242,9800,1,0
65.21.52.121,16000,1,0
71.112.171.245,33000,0,0
188.93.233.49,8700,1,0
185.165.169.239,9600,1,0
95.217.203.166,32000,1,0
24.61.235.80,1600,1,0
93.55.235.232,2300,1,0
162.19.171.180,45000,1,0
74.91.21.2,1800,1,0
213.238.182.114,14000,1,0
216.250.119.225,11000,1,1
193.105.134.16,4300,1,0
185.241.208.236,18000,1,0
5.181.51.6,12000,1,1
85.204.121.219,7800,1,0
37.120.170.213,31000,1,1
72.5.33.15,2700,0,0
45.92.1.74,2900,1,0
5.252.154.17,10000,1,1
93.115.86.4,19000,1,1
144.76.219.195,100000,0,0
212.83.167.220,9500,1,1
172.106.16.134,76000,0,0
209.51.188.48,3400,1,0
38.242.195.135,15000,0,1
66.85.128.218,5200,1,0
171.25.193.234,16000,0,0
185.246.153.133,9300,1,0
82.149.227.126,21000,1,1
95.80.27.102,44000,0,0
178.211.147.21,10000,1,0
185.129.62.62,52000,1,0
162.212.158.82,2500,0,0
151.115.47.4,29000,0,1
87.120.237.130,20000,1,0
45.145.164.70,23000,1,0
134.119.32.208,4000,1,0
178.20.55.16,36000,1,1
65.49.20.10,14000,1,1
94.140.112.158,4800,0,0
176.107.176.31,20000,0,0
104.244.77.208,32000,1,0
54.36.120.156,40000,1,0
87.120.8.91,13000,1,1
212.83.61.218,4900,1,0
216.181.107.232,3700,1,0
51.83.43.83,15000,1,0
185.246.188.60,43000,1,0
130.89.149.57,22000,1,1
209.58.145.210,10000,0,0
103.109.100.207,2200,1,0
50.7.8.141,2600,0,1
185.244.150.8,7200,1,0
23.108.51.104,29000,0,1
2.58.56.106,12000,1,0
135.148.171.158,57000,1,0
85.239.40.81,2500,1,1
5.196.70.226,3300,1,0
185.220.102.254,36000,1,1
74.123.97.10,22000,1,0
85.214.22.135,26000,1,1
91.132.146.135,25000,1,1
107.189.13.251,4100,1,0
91.224.90.35,10000,0,0
89.58.45.9,39000,1,1
78.43.238.80,5900,1,0
85.239.34.6,9300,1,0
46.232.250.51,16000,1,1
185.225.17.159,15000,1,0
84.142.252.72,1900,1,0
192.99.69.17,4700,1,0
185.220.101.192,26000,1,1
5.9.14.30,38000,1,0
199.249.230.112,5400,1,1
89.58.27.85,19000,1,1
162.250.191.15,3500,0,0
116.202.2.123,12000,1,0
51.81.242.11,1900,1,0
95.211.210.72,18000,1,0
46.38.237.221,6300,1,1
66.111.2.20,6300,0,1
199.249.230.121,3600,1,1
65.49.20.10,4600,1,1
37.114.61.167,20000,1,0
185.232.70.209,29000,1,1
23.129.64.225,12000,1,0
185.254.198.243,15000,1,1
213.183.61.123,22000,1,0
213.108.108.136,34000,1,0
199.249.230.181,17000,1,1
91.208.162.197,3900,1,0
185.220.101.72,31000,1,1
146.59.44.132,13000,1,0
45.61.185.172,9200,1,0
5.45.111.149,25000,1,1
171.25.193.79,28000,0,0
46.166.161.99,5200,1,1
77.171.80.188,13000,1,1
37.114.53.157,63000,1,0
90.231.231.167,21000,1,1
188.68.56.100,17000,1,1
107.189.5.217,18000,1,0
75.119.155.34,16000,1,1
185.100.87.41,9200,1,0
144.76.168.36,3400,0,0
46.232.251.191,17000,1,1
5.253.176.99,7000,0,0
199.249.230.169,23000,1,1
15.204.199.7,16000,1,0
82.221.128.191,8900,1,0
185.241.208.232,19000,1,0
45.140.143.143,28000,1,0
89.163.135.8,12000,1,1
23.106.120.42,3800,0,0
217.182.196.70,77000,1,0
162.251.116.34,67000,1,0
104.244.76.184,17000,1,0
178.175.148.132,4900,1,0
145.239.206.236,26000,1,0
108.2.201.206,7600,1,0
94.100.6.27,8900,1,1
107.189.6.118,26000,1,0
178.254.44.163,45000,0,0
216.201.9.111,4200,0,0
37.120.186.122,26000,1,1
65.108.89.113,16000,1,0
79.141.165.172,8500,1,1
65.21.50.48,25000,1,0
185.34.33.2,13000,0,0
5.187.53.194,7300,0,1
217.133.29.98,5700,1,0
158.69.205.247,7000,1,0
185.10.16.41,1800,1,0
178.254.44.176,28000,0,0
192.99.152.50,9100,1,0
50.73.63.162,2200,1,0
85.235.66.146,34000,1,1
178.254.21.133,53000,0,0
217.76.159.216,23000,1,1
163.172.145.229,20000,0,1
195.169.125.226,13000,1,1
144.172.118.36,27000,0,0
172.81.131.139,3300,0,0
23.135.248.226,7800,0,0
65.108.136.190,27000,1,0
188.138.33.233,31000,1,0
185.220.101.38,36000,1,1
192.42.116.20,18000,0,1
194.195.115.114,2700,1,1
185.100.87.174,38000,1,0
185.220.101.83,31000,1,1
95.215.45.138,21000,0,0
89.217.7.106,8900,1,0
136.243.176.148,32000,0,0
109.122.221.224,12000,1,0
185.100.87.41,7700,1,0
91.208.75.239,14000,1,0
185.117.82.71,20000,1,0
216.173.119.141,2400,1,0
132.145.62.236,3200,0,1
88.99.145.25,100000,1,0
75.159.105.138,5900,1,1
51.75.64.23,2400,1,0
185.243.218.161,20000,1,0
89.58.39.146,40000,1,1
54.36.101.21,16000,1,0
193.218.118.167,12000,1,0
218.102.182.212,3200,1,1
205.185.117.149,5400,1,0
130.162.211.231,12000,0,1
94.16.123.1,23000,0,1
185.220.101.65,30000,1,1
185.220.103.111,38000,1,1
82.165.70.65,45000,1,1
89.58.32.67,35000,1,1
199.249.230.188,3500,1,1
185.220.103.120,55000,1,1
199.249.230.154,16000,1,1
37.187.20.164,3400,1,0
91.212.121.163,29000,1,0
199.249.230.165,27000,1,1
179.43.159.198,22000,0,1
185.73.220.8,18000,1,0
213.239.213.220,66000,1,0
199.249.230.160,26000,1,1
82.65.28.207,6900,1,1
162.248.94.126,2900,0,0
107.189.8.181,25000,1,0
77.91.74.58,4600,1,0
185.162.249.126,16000,1,1
94.23.148.66,81000,1,0
138.201.55.77,32000,0,0
213.239.197.35,49000,1,0
157.90.116.184,4400,1,0
107.189.13.253,29000,1,0
138.201.169.12,18000,0,0
87.118.122.30,3100,1,0
185.228.139.102,46000,1,1
178.211.147.23,2100,1,0
107.138.131.161,8000,1,1
135.181.67.210,58000,1,0
91.132.147.168,9800,1,1
185.100.86.70,5600,1,0
92.34.147.95,22000,1,1
82.165.116.173,34000,1,1
171.25.193.80,28000,0,0
82.165.167.46,52000,1,1
185.17.184.101,5000,1,0
46.38.242.228,24000,1,1
195.201.9.37,80000,1,0
185.44.82.57,13000,1,0
195.154.250.239,18000,1,1
199.249.230.175,19000,1,1
195.201.1.29,4300,1,0
45.14.233.160,37000,1,0
45.137.204.243,25000,1,0
135.181.199.195,13000,1,0
217.62.142.157,7700,1,1
116.203.195.42,3400,1,0
178.218.144.113,13000,1,0
209.141.42.126,3100,1,0
199.249.230.151,19000,1,1
193.38.255.253,18000,1,0
217.182.75.0,16000,1,0
217.199.199.250,22000,1,0
51.159.99.157,19000,0,1
83.212.104.45,2500,1,1
188.114.143.188,2300,0,1
139.162.210.252,16000,0,1
199.249.230.109,19000,1,1
94.140.114.53,26000,0,0
194.26.192.142,14000,1,0
58.185.69.242,1800,1,0
144.76.3.174,64000,0,0
51.81.93.145,49000,1,0
195.154.253.226,1700,1,1
77.68.30.104,7700,1,1
23.108.55.71,30000,0,1
91.112.69.62,3600,1,0
45.61.185.83,11000,1,0
83.243.68.194,2800,1,0
195.176.3.24,21000,1,0
163.172.53.201,47000,0,1
185.38.175.131,12000,1,0
109.204.224.163,23000,1,1
81.191.114.65,22000,1,0
95.217.72.151,58000,1,0
141.98.8.102,18000,0,0
171.25.193.78,20000,0,0
217.79.252.202,25000,1,0
217.12.206.128,11000,1,1
116.202.247.57,24000,1,0
199.195.251.54,8600,0,0
185.207.107.216,14000,1,1
146.59.94.226,8200,1,0
51.75.206.12,14000,1,0
185.112.146.205,13000,0,0
185.220.101.56,38000,1,1
107.189.8.238,19000,1,0
91.208.75.178,13000,1,0
95.153.31.26,21000,1,0
185.21.216.197,42000,1,0
116.203.64.212,14000,1,0
87.92.174.108,2200,1,1
51.15.114.49,34000,0,1
72.9.3.171,3500,0,1
37.252.189.17,9000,1,0
185.220.101.199,24000,1,1
23.88.75.73,50000,1,0
23.137.251.61,32000,1,0
86.62.157.127,2700,1,0
91.208.206.56,9200,1,0
147.135.54.178,5800,1,0
94.16.121.91,13000,0,1
45.95.169.255,5500,1,0
94.242.61.178,18000,0,0
185.220.101.65,28000,1,1
185.243.218.41,19000,1,0
192.42.116.13,21000,0,1
217.160.101.137,20000,1,1
178.20.55.16,51000,1,1
71.191.135.179,4200,1,0
162.251.119.10,23000,1,0
89.147.111.106,11000,0,0
195.123.226.11,1400,1,0
91.208.75.156,17000,1,0
194.36.147.125,31000,1,1
89.116.24.68,6800,1,1
2.58.56.88,38000,1,0
185.35.202.222,7300,1,1
87.62.96.246,25000,1,1
91.143.81.27,13000,1,0
185.247.226.41,5600,1,0
199.249.230.187,10000,1,1
129.13.131.140,14000,1,1
209.141.50.178,830,1,0
193.218.118.156,11000,1,0
46.166.162.57,4700,1,1
95.216.115.85,33000,1,0
198.50.175.148,5400,1,0
166.70.207.2,13000,1,1
212.60.126.143,5700,1,0
5.45.107.139,25000,1,1
205.185.127.226,5200,1,0
104.248.159.104,2300,1,0
45.158.77.241,25000,1,0
193.218.118.125,12000,1,0
65.108.217.34,6600,1,0
199.249.230.114,3400,1,1
185.220.101.33,32000,1,1
163.172.60.25,23000,0,1
178.254.44.54,33000,0,0
148.251.46.115,18000,0,0
116.202.169.30,88000,1,0
95.214.54.70,32000,1,0
212.73.134.242,11000,1,1
162.247.74.7,60000,0,1
84.19.188.216,23000,1,0
172.106.18.46,64000,0,0
23.238.170.234,66000,0,0
178.170.10.39,6500,1,0
82.66.192.180,7300,1,1
109.123.230.23,2400,1,0
46.167.244.6,9500,1,0
217.79.181.38,44000,1,1
202.61.194.167,21000,1,1
193.189.100.200,26000,1,0
174.128.250.165,11000,0,0
89.58.61.42,26000,1,1
94.16.123.171,15000,0,1
57.128.169.164,23000,1,0
185.239.222.254,18000,0,0
51.159.144.243,25000,0,1
83.99.147.75,6500,1,1
46.232.250.163,32000,1,1
217.12.221.110,18000,1,0
108.88.16.111,4600,0,1
185.181.61.115,22000,1,0
116.202.169.25,70000,1,0
51.15.44.251,17000,0,1
194.147.140.104,14000,1,0
13.39.4.64,2100,1,0
68.178.204.94,4000,1,0
185.181.61.115,26000,1,0
185.220.101.198,18000,1,1
185.220.102.245,31000,1,1
81.191.123.129,22000,1,0
185.220.101.53,43000,1,1
195.201.103.59,6500,1,0
95.217.30.201,16000,1,0
178.254.22.21,81000,0,0
78.46.104.112,45000,1,0
130.61.20.52,20000,0,1
198.98.61.76,37000,1,0
23.238.170.198,71000,0,0
83.136.106.136,6200,0,0
198.98.60.158,5800,1,0
178.254.39.150,53000,0,0
51.158.201.235,56000,0,1
185.220.103.7,50000,1,1
104.244.77.192,9400,1,0
45.80.171.211,5800,1,0
98.36.193.226,2200,1,0
91.143.83.100,7400,1,0
37.120.171.230,20000,1,1
194.147.140.102,14000,1,0
213.238.182.114,11000,1,0
185.220.100.254,53000,1,0
192.184.1.253,19000,0,0
107.189.13.112,9800,1,0
132.145.255.192,28000,0,1
45.145.166.104,31000,1,0
130.149.80.199,34000,0,1
178.17.171.55,8000,1,0
51.68.45.22,3500,1,0
185.233.104.172,19000,1,1
51.81.201.207,6400,1,0
209.141.36.65,4400,1,0
5.231.208.245,18000,1,1
107.155.69.234,47000,1,0
95.217.39.117,54000,1,0
37.221.66.251,6200,1,0
199.249.230.143,12000,1,1
141.144.199.198,15000,0,1
199.249.230.72,4600,1,1
135.148.100.92,59000,1,0
188.68.52.231,7700,1,1
158.58.173.78,25000,0,0
45.61.184.227,14000,1,0
108.45.148.90,3100,1,0
5.45.104.89,4800,1,1
46.22.165.111,23000,1,0
171.25.193.77,21000,0,0
147.210.117.21,4600,1,0
185.220.101.206,25000,1,1
209.141.59.116,9500,1,0
185.220.102.247,35000,1,1
131.188.40.188,29000,1,1
185.220.101.201,20000,1,1
62.107.91.194,15000,1,1
199.249.230.119,4500,1,1
178.254.41.45,48000,0,0
45.125.65.45,21000,0,0
158.220.100.158,7400,1,1
51.210.178.32,14000,1,0
185.100.87.141,20000,1,0
185.220.101.86,25000,1,1
15.204.141.10,72000,1,0
207.180.221.220,14000,1,1
185.220.101.79,28000,1,1
198.23.188.170,3500,1,0
5.255.97.221,2200,1,1
185.243.218.110,26000,1,0
87.236.197.123,23000,1,1
173.232.194.20,25000,0,1
185.246.188.67,48000,1,0
192.87.28.28,3700,1,1
51.15.89.218,28000,0,1
198.140.141.52,35000,1,0
46.105.154.14,26000,1,0
91.143.88.2,9900,1,0
188.68.54.158,2000,1,1
45.140.143.143,28000,1,0
162.55.91.19,150000,1,0
193.11.166.196,8500,1,1
198.251.88.70,14000,1,0
103.26.221.164,3800,1,1
199.249.230.163,28000,1,1
185.220.103.6,46000,1,1
37.75.166.2,26000,0,1
145.239.41.102,100000,1,0
45.154.28.70,18000,1,0
185.220.101.69,29000,1,1
163.172.96.222,3100,0,1
193.218.118.151,6100,1,0
193.105.134.187,6000,1,0
23.129.64.227,14000,1,0
51.81.56.195,82000,1,0
185.237.13.88,5900,1,1
104.244.74.224,14000,1,0
144.172.118.49,3000,0,0
176.9.98.108,120000,1,0
107.189.14.4,6700,1,0
91.207.60.48,2300,1,1
109.69.67.17,17000,1,0
85.214.128.156,16000,1,1
158.58.173.243,32000,0,0
194.182.179.34,4400,1,0
46.4.115.73,24000,1,0
188.27.253.115,12000,1,1
94.154.159.96,68000,0,1
135.148.52.88,52000,1,0
85.214.202.158,9600,1,1
109.123.234.151,7700,1,0
195.230.23.185,33000,0,0
81.191.116.239,21000,1,0
199.249.230.176,17000,1,1
72.167.45.235,5900,1,0
217.160.9.229,17000,1,1
185.243.218.152,22000,1,0
45.61.185.38,8500,1,0
51.15.89.218,37000,0,1
185.220.101.86,32000,1,1
193.70.112.165,7400,1,0
193.233.203.72,6100,1,0
84.238.10.142,26000,1,1
95.141.83.155,25000,1,1
144.91.125.15,9800,1,1
130.61.158.124,7800,0,1
85.239.244.9,2800,1,0
37.114.53.157,53000,1,0
188.40.41.115,2800,1,0
178.248.249.172,21000,1,0
134.102.200.101,33000,1,1
46.38.253.161,34000,1,1
81.16.33.42,4700,0,0
194.104.148.94,28000,1,0
5.161.84.59,14000,1,0
185.181.61.23,16000,1,0
82.118.242.103,23000,0,0
194.26.192.77,14000,1,0
192.9.235.157,2500,0,1
80.151.36.96,2200,1,0
162.55.48.243,1800,1,0
89.191.217.1,9800,0,1
185.14.97.37,17000,1,0
5.78.73.227,2900,1,0
45.83.25.132,3700,1,0
89.117.114.233,1200,1,0
107.204.177.207,2000,1,1
193.108.118.209,20000,1,1
23.111.179.98,26000,1,0
103.196.37.111,6300,1,0
89.147.108.62,9300,0,0
87.118.116.103,17000,1,0
188.166.31.252,24000,1,0
185.241.208.202,26000,1,0
37.120.190.6,9300,1,1
92.35.71.254,26000,1,1
23.81.44.113,3900,0,0
178.128.255.196,11000,1,0
158.58.173.209,22000,0,0
217.182.73.157,4600,1,0
89.58.12.249,39000,1,1
188.68.45.180,16000,1,1
185.244.195.157,1900,1,1
185.233.100.23,9500,1,0
37.187.23.232,4500,1,0
51.75.171.136,26000,1,0
51.79.65.244,7300,1,0
46.231.93.216,16000,0,0
209.141.59.219,7500,1,0
95.216.19.41,51000,1,0
46.38.242.125,24000,1,1
94.130.189.8,4200,1,0
185.239.222.249,25000,0,0
91.126.217.153,17000,1,0
185.220.101.71,33000,1,1
178.254.44.176,40000,0,0
217.160.101.137,17000,1,1
109.123.230.23,3700,1,0
51.81.93.109,85000,1,0
188.190.109.250,6200,1,0
37.221.65.168,2300,1,0
37.221.67.51,6900,1,0
45.132.246.245,23000,1,1
199.249.230.168,15000,1,1
144.217.4.166,4200,1,0
46.4.20.30,130000,1,0
185.220.103.4,53000,1,1
192.160.102.168,21000,0,0
185.220.101.45,35000,1,1
173.232.194.20,18000,0,1
151.115.60.216,16000,0,1
85.195.208.24,14000,1,0
64.223.149.100,5700,0,0
37.200.99.251,7900,1,0
192.42.116.24,18000,0,1
185.241.208.164,37000,1,0
46.28.109.231,4100,0,0
95.216.22.24,67000,1,0
185.146.232.191,12000,1,0
5.255.97.233,5700,1,1
163.172.154.162,22000,0,1
37.120.185.151,2400,1,1
88.209.121.106,18000,1,1
116.203.234.246,8900,1,0
45.137.204.243,31000,1,0
104.149.155.226,1700,0,0
90.187.254.173,3000,0,0
45.142.176.96,34000,1,1
174.128.250.163,7200,0,0
37.205.8.191,29000,1,1
85.195.232.37,27000,1,0
129.126.111.54,4800,1,1
31.171.154.166,3300,1,1
213.183.48.84,4800,1,0
178.156.41.232,46000,1,0
89.150.132.174,21000,1,1
185.117.118.31,14000,1,0
152.70.197.164,7000,0,1
82.223.70.114,5400,1,1
18.218.160.117,1900,1,0
91.121.68.5,3000,1,0
5.34.183.29,14000,1,0
104.128.48.237,4400,0,0
78.47.18.110,27000,1,0
212.227.76.37,20000,1,1
45.154.98.49,27000,1,0
91.143.88.62,12000,1,0
37.228.129.104,16000,1,0
69.113.49.109,1600,1,0
185.220.101.60,37000,1,1
138.201.132.34,9400,0,0
65.21.49.9,27000,1,0
167.86.94.107,29000,1,1
193.38.255.253,22000,1,0
45.66.35.10,56000,1,0
104.244.72.132,11000,1,0
51.158.148.230,16000,0,1
95.214.54.70,23000,1,0
5.161.51.85,9000,1,0
65.108.136.189,26000,1,0
107.189.5.7,16000,1,0
37.120.168.74,4000,1,1
45.136.30.7,32000,1,1
185.220.101.195,31000,1,1
89.58.32.236,18000,1,1
148.251.191.28,69000,0,0
167.86.110.254,8900,1,1
91.143.85.52,8200,1,0
107.189.31.33,23000,1,0
107.138.131.161,8400,1,1
199.249.230.185,20000,1,1
49.12.57.133,31000,1,0
178.254.44.54,35000,0,0
213.183.63.36,6200,1,0
171.25.193.78,19000,0,0
136.243.17.36,44000,0,0
51.38.127.41,32000,1,0
63.250.63.173,5300,1,0
45.138.16.222,13000,1,0
94.16.120.204,21000,0,1
65.49.20.11,6300,1,1
93.95.228.74,4200,0,0
51.161.35.113,6600,1,0
188.68.58.105,12000,1,1
89.147.109.130,11000,0,0
94.16.121.91,15000,0,1
193.142.147.203,6500,1,0
148.251.41.235,44000,0,0
107.189.8.12,3000,1,0
94.130.53.211,87000,1,0
209.141.38.195,4700,1,0
204.137.14.62,23000,1,0
88.88.211.41,13000,1,1
5.161.187.129,6900,1,0
45.158.77.241,43000,1,0
81.169.203.252,29000,1,1
185.220.101.39,43000,1,1
89.58.53.63,30000,1,1
45.35.33.246,21000,0,0
104.219.250.152,2800,0,0
178.254.44.163,41000,0,0
145.239.76.95,5100,1,0
185.90.61.181,20000,1,0
45.92.1.74,2900,1,0
162.251.116.50,3000,1,0
45.95.169.223,19000,1,0
179.43.134.188,2700,0,1
77.174.62.158,81000,1,1
89.58.58.106,4200,1,1
194.55.13.50,33000,1,1
62.210.85.178,20000,1,1
188.68.56.181,25000,1,1
185.225.114.22,19000,1,0
209.58.150.168,8600,0,0
185.241.208.175,23000,1,0
23.129.64.211,12000,1,0
37.221.67.55,5700,1,0
185.220.102.251,35000,1,1
193.189.100.198,32000,1,0
171.25.193.78,26000,0,0
31.133.0.37,28000,0,0
37.120.186.229,15000,1,1
199.249.230.65,17000,1,1
178.175.148.195,5800,1,0
137.74.169.241,18000,1,0
171.25.193.235,16000,0,0
195.154.237.147,21000,1,1
209.141.36.7,1300,1,0
149.56.45.200,30000,1,0
80.64.218.42,28000,1,0
45.131.138.227,5600,1,0
46.229.55.118,11000,1,0
188.34.185.90,41000,1,0
51.15.37.100,16000,0,1
185.163.45.247,4500,1,0
148.251.90.115,60000,0,0
185.130.47.58,28000,1,0
107.189.13.184,27000,1,0
185.220.101.38,30000,1,1
86.1.221.53,3000,1,0
193.218.118.62,14000,1,0
45.142.176.108,22000,1,1
89.58.3.65,26000,1,1
45.158.77.29,27000,1,0
141.136.0.3,20000,0,0
89.163.164.202,36000,1,1
208.109.215.188,2700,1,0
193.11.164.243,29000,1,1
86.158.158.165,12000,0,0
195.123.247.209,3600,1,1
81.169.159.28,33000,1,1
